2025-04-24 02:44:20,219 [INFO] Activator:176 - 


2025-04-24 02:44:20,222 [INFO] Activator:177 - !SESSION log4j initialized
2025-04-24 02:44:25,531 [INFO] LogOutputStream:77 - [STDOUT_REDIRECT] 
2025-04-24 02:44:28,801 [INFO] ApplicationProperties:184 - Using Application install path: C:\ST\STM32CubeIDE_1.16.1\STM32CubeIDE\plugins\com.st.stm32cube.common.mx_6.12.1.202409122256
2025-04-24 02:44:28,815 [INFO] DbMcusXml:78 - Set database path to: C:\ST\STM32CubeIDE_1.16.1\STM32CubeIDE\plugins\com.st.stm32cube.common.mx_6.12.1.202409122256\\db\/mcu/
2025-04-24 02:44:28,817 [INFO] ApiDb:274 - Set plugin database path to: C:\ST\STM32CubeIDE_1.16.1\STM32CubeIDE\plugins\com.st.stm32cube.common.mx_6.12.1.202409122256\\db\/plugins/boardmanager/
2025-04-24 02:44:28,818 [WARN] ApiDb:259 - Overriding images path with different value:  => C:\ST\STM32CubeIDE_1.16.1\STM32CubeIDE\plugins\com.st.stm32cube.common.mx_6.12.1.202409122256\\db\/plugins/mcufinder/images/
2025-04-24 02:44:31,379 [WARN] ApiFinderProperties:113 - C:\Users\23709405\.stmcufinder\plugins\mcufinder\mcu\mcuFinder.mfd doesn't exist
2025-04-24 02:44:31,380 [INFO] ApiDb:250 - Set database path to: C:\Users\23709405\.stmcufinder\plugins\mcufinder//mcu/
2025-04-24 02:44:31,382 [INFO] DbMcusAds:125 - Set database path to: C:\Users\23709405\.stmcufinder\plugins\mcufinder//mcu/
2025-04-24 02:44:31,384 [INFO] CrossReferenceDbSqlite:203 - Set database path to: C:\Users\23709405\.stmcufinder\plugins\mcufinder//mcu/cs/
2025-04-24 02:44:31,526 [INFO] RulesReader:64 - Compatibility file has been processed (297 Rules)
2025-04-24 02:44:32,329 [INFO] DbMcusXml:78 - Set database path to: C:\ST\STM32CubeIDE_1.16.1\STM32CubeIDE\plugins\com.st.stm32cube.common.mx_6.12.1.202409122256\\db\/mcu/
2025-04-24 02:44:32,330 [INFO] ApiDb:274 - Set plugin database path to: C:\ST\STM32CubeIDE_1.16.1\STM32CubeIDE\plugins\com.st.stm32cube.common.mx_6.12.1.202409122256\\db\/plugins/boardmanager/
2025-04-24 02:44:32,331 [INFO] ApiDb:261 - Set plugin images path to: C:\ST\STM32CubeIDE_1.16.1\STM32CubeIDE\plugins\com.st.stm32cube.common.mx_6.12.1.202409122256\\db\/plugins/mcufinder/images/
2025-04-24 02:44:32,332 [WARN] DbFile:41 - Overriding database path with different value: C:\Users\23709405\.stmcufinder\plugins\mcufinder/ => C:\Users\23709405\.stmcufinder\plugins\mcufinder
2025-04-24 02:44:32,333 [INFO] ApiDb:250 - Set database path to: C:\Users\23709405\.stmcufinder\plugins\mcufinder//mcu/
2025-04-24 02:44:32,334 [WARN] DbFile:41 - Overriding database path with different value: C:\Users\23709405\.stmcufinder\plugins\mcufinder/ => C:\Users\23709405\.stmcufinder\plugins\mcufinder
2025-04-24 02:44:32,335 [INFO] DbMcusAds:125 - Set database path to: C:\Users\23709405\.stmcufinder\plugins\mcufinder//mcu/
2025-04-24 02:44:32,335 [WARN] DbFile:41 - Overriding database path with different value: C:\Users\23709405\.stmcufinder\plugins\mcufinder/ => C:\Users\23709405\.stmcufinder\plugins\mcufinder
2025-04-24 02:44:32,336 [WARN] DbFile:41 - Overriding database path with different value: C:\Users\23709405\.stmcufinder\plugins\mcufinder/ => C:\Users\23709405\.stmcufinder\plugins\mcufinder
2025-04-24 02:44:32,337 [INFO] CrossReferenceDbSqlite:203 - Set database path to: C:\Users\23709405\.stmcufinder\plugins\mcufinder//mcu/cs/
2025-04-24 02:44:32,413 [INFO] MainPanel:268 - HeapMemory: 268435456
2025-04-24 02:44:32,490 [INFO] DbMcusXml:78 - Set database path to: C:\ST\STM32CubeIDE_1.16.1\STM32CubeIDE\plugins\com.st.stm32cube.common.mx_6.12.1.202409122256\\db\/mcu/
2025-04-24 02:44:32,491 [INFO] ApiDb:274 - Set plugin database path to: C:\ST\STM32CubeIDE_1.16.1\STM32CubeIDE\plugins\com.st.stm32cube.common.mx_6.12.1.202409122256\\db\/plugins/boardmanager/
2025-04-24 02:44:32,492 [INFO] ApiDb:261 - Set plugin images path to: C:\ST\STM32CubeIDE_1.16.1\STM32CubeIDE\plugins\com.st.stm32cube.common.mx_6.12.1.202409122256\\db\/plugins/mcufinder/images/
2025-04-24 02:44:32,493 [WARN] DbFile:41 - Overriding database path with different value: C:\Users\23709405\.stmcufinder\plugins\mcufinder/ => C:\Users\23709405\.stmcufinder\plugins\mcufinder
2025-04-24 02:44:32,493 [INFO] ApiDb:250 - Set database path to: C:\Users\23709405\.stmcufinder\plugins\mcufinder//mcu/
2025-04-24 02:44:32,494 [WARN] DbFile:41 - Overriding database path with different value: C:\Users\23709405\.stmcufinder\plugins\mcufinder/ => C:\Users\23709405\.stmcufinder\plugins\mcufinder
2025-04-24 02:44:32,495 [INFO] DbMcusAds:125 - Set database path to: C:\Users\23709405\.stmcufinder\plugins\mcufinder//mcu/
2025-04-24 02:44:32,495 [WARN] DbFile:41 - Overriding database path with different value: C:\Users\23709405\.stmcufinder\plugins\mcufinder/ => C:\Users\23709405\.stmcufinder\plugins\mcufinder
2025-04-24 02:44:32,496 [WARN] DbFile:41 - Overriding database path with different value: C:\Users\23709405\.stmcufinder\plugins\mcufinder/ => C:\Users\23709405\.stmcufinder\plugins\mcufinder
2025-04-24 02:44:32,497 [INFO] CrossReferenceDbSqlite:203 - Set database path to: C:\Users\23709405\.stmcufinder\plugins\mcufinder//mcu/cs/
2025-04-24 02:44:32,513 [INFO] ApplicationProperties:184 - Using Application install path: C:\ST\STM32CubeIDE_1.16.1\STM32CubeIDE\plugins\com.st.stm32cube.common.mx_6.12.1.202409122256
2025-04-24 02:44:32,515 [INFO] PluginManage:196 - Search for loadable plugins [exclusion list=, ]
2025-04-24 02:44:32,517 [INFO] PluginManage:310 - Check plugin analytics
2025-04-24 02:44:32,762 [INFO] AnalyticsPlugin:253 - Accepted Software Licenses: 
2025-04-24 02:44:32,763 [INFO] AnalyticsPlugin:255 - Accepted CMSIS Pack Licenses: 
2025-04-24 02:44:32,764 [INFO] AnalyticsPlugin:257 - Accepted Firmware Licenses: 
2025-04-24 02:44:32,768 [INFO] PluginManage:359 - Loaded plugin analytics (category:tool,tabindex:-1)
2025-04-24 02:44:32,769 [INFO] PluginManage:310 - Check plugin cadmodel
2025-04-24 02:44:32,804 [INFO] CADModel:105 - Init CAD model plugin
2025-04-24 02:44:32,805 [INFO] PluginManage:359 - Loaded plugin cadmodel (category:power,tabindex:5)
2025-04-24 02:44:32,806 [INFO] PluginManage:310 - Check plugin clock
2025-04-24 02:44:33,076 [INFO] PluginManage:359 - Loaded plugin clock (category:base,tabindex:2)
2025-04-24 02:44:33,078 [INFO] PluginManage:310 - Check plugin ddr
2025-04-24 02:44:33,254 [INFO] PluginManage:359 - Loaded plugin ddr (category:tool,tabindex:6)
2025-04-24 02:44:33,255 [INFO] PluginManage:310 - Check plugin filemanager
2025-04-24 02:44:33,736 [INFO] PluginManage:359 - Loaded plugin filemanager (category:base,tabindex:10)
2025-04-24 02:44:33,737 [INFO] PluginManage:310 - Check plugin ipmanager
2025-04-24 02:44:33,750 [INFO] PluginManage:359 - Loaded plugin ipmanager (category:base,tabindex:5)
2025-04-24 02:44:33,751 [INFO] PluginManage:310 - Check plugin lpbam
2025-04-24 02:44:33,783 [INFO] PluginManage:359 - Loaded plugin lpbam (category:base,tabindex:0)
2025-04-24 02:44:33,783 [INFO] PluginManage:310 - Check plugin memorymap
2025-04-24 02:44:33,820 [INFO] PluginManage:359 - Loaded plugin memorymap (category:base,tabindex:4)
2025-04-24 02:44:33,822 [INFO] PluginManage:310 - Check plugin pinoutandconfiguration
2025-04-24 02:44:33,863 [INFO] PluginManage:359 - Loaded plugin pinoutandconfiguration (category:base,tabindex:1)
2025-04-24 02:44:33,864 [INFO] PluginManage:310 - Check plugin pinoutconfig
2025-04-24 02:44:33,990 [WARN] SupportedApi:132 - Cannot load RTOS API schema: s4s-elt-must-match.1: The content of 'definitions' must match (annotation?, (simpleType | complexType)?, (unique | key | keyref)*)). A problem was found starting at: attribute.
2025-04-24 02:44:34,120 [INFO] PluginManage:359 - Loaded plugin pinoutconfig (category:base,tabindex:0)
2025-04-24 02:44:34,122 [INFO] PluginManage:310 - Check plugin power
2025-04-24 02:44:34,709 [INFO] PluginManage:359 - Loaded plugin power (category:power,tabindex:4)
2025-04-24 02:44:34,710 [INFO] PluginManage:310 - Check plugin projectmanager
2025-04-24 02:44:34,734 [INFO] PluginManage:359 - Loaded plugin projectmanager (category:projectmanager,tabindex:4)
2025-04-24 02:44:34,735 [INFO] PluginManage:310 - Check plugin rif
2025-04-24 02:44:34,774 [INFO] PluginManage:359 - Loaded plugin rif (category:base,tabindex:3)
2025-04-24 02:44:34,775 [INFO] PluginManage:310 - Check plugin thirdparty
2025-04-24 02:44:35,143 [INFO] PluginManage:359 - Loaded plugin thirdparty (category:base,tabindex:-1)
2025-04-24 02:44:35,143 [WARN] IntegrityCheckThread:84 - waiting for thirdparty lock release [integrity check]
2025-04-24 02:44:35,144 [INFO] PluginManage:310 - Check plugin tools
2025-04-24 02:44:35,145 [INFO] IntegrityCheckThread:86 - entering critical section [integrity check]
2025-04-24 02:44:35,147 [INFO] ThirdPartyUpdaterWithRetryManager:70 - Updater plugin not ready yet. [1/15]
2025-04-24 02:44:35,212 [INFO] PluginManage:359 - Loaded plugin tools (category:base,tabindex:7)
2025-04-24 02:44:35,213 [INFO] PluginManage:310 - Check plugin tutovideos
2025-04-24 02:44:35,375 [INFO] PluginManage:359 - Loaded plugin tutovideos (category:base,tabindex:-1)
2025-04-24 02:44:35,376 [INFO] PluginManage:310 - Check plugin updater
2025-04-24 02:44:35,409 [INFO] PluginManage:359 - Loaded plugin updater (category:base,tabindex:12)
2025-04-24 02:44:35,410 [INFO] PluginManage:310 - Check plugin userauth
2025-04-24 02:44:35,425 [INFO] UserAuth:113 - Init User Auth plugin
2025-04-24 02:44:35,426 [INFO] PluginManage:359 - Loaded plugin userauth (category:base,tabindex:14)
2025-04-24 02:44:35,428 [INFO] PluginManage:283 - PluginManage : Loaded plugins [18]
2025-04-24 02:44:35,920 [INFO] PinOutPanel:1561 - setPackage(No Configuration,No Configuration)
2025-04-24 02:44:36,146 [INFO] CADModel:165 - CPN selected for project level
2025-04-24 02:44:36,148 [INFO] CADModel:114 - Register for checkConnection events
2025-04-24 02:44:36,253 [INFO] IPUIPlugin:80 - create IPUIPlugin
2025-04-24 02:44:36,255 [INFO] PluginManager:220 - loadIPPluginJar : add adc
2025-04-24 02:44:36,300 [INFO] IPUIPlugin:80 - create IPUIPlugin
2025-04-24 02:44:36,302 [INFO] PluginManager:220 - loadIPPluginJar : add aes
2025-04-24 02:44:36,385 [INFO] IPUIPlugin:80 - create IPUIPlugin
2025-04-24 02:44:36,386 [INFO] PluginManager:220 - loadIPPluginJar : add can
2025-04-24 02:44:36,448 [INFO] IPUIPlugin:80 - create IPUIPlugin
2025-04-24 02:44:36,450 [INFO] PluginManager:220 - loadIPPluginJar : add comp
2025-04-24 02:44:36,505 [INFO] IPUIPlugin:80 - create IPUIPlugin
2025-04-24 02:44:36,507 [INFO] PluginManager:220 - loadIPPluginJar : add cryp
2025-04-24 02:44:36,559 [INFO] IPUIPlugin:80 - create IPUIPlugin
2025-04-24 02:44:36,560 [INFO] PluginManager:220 - loadIPPluginJar : add ddr_ctrl_phy
2025-04-24 02:44:36,632 [INFO] IPUIPlugin:80 - create IPUIPlugin
2025-04-24 02:44:36,633 [INFO] PluginManager:220 - loadIPPluginJar : add dfsdm
2025-04-24 02:44:36,671 [INFO] IPUIPlugin:80 - create IPUIPlugin
2025-04-24 02:44:36,672 [INFO] PluginManager:220 - loadIPPluginJar : add dma
2025-04-24 02:44:36,728 [INFO] IPUIPlugin:80 - create IPUIPlugin
2025-04-24 02:44:36,729 [INFO] PluginManager:220 - loadIPPluginJar : add dma3
2025-04-24 02:44:36,817 [INFO] IPUIPlugin:80 - create IPUIPlugin
2025-04-24 02:44:36,819 [INFO] PluginManager:220 - loadIPPluginJar : add extmemmanager
2025-04-24 02:44:36,872 [INFO] IPUIPlugin:80 - create IPUIPlugin
2025-04-24 02:44:36,873 [INFO] PluginManager:220 - loadIPPluginJar : add fatfs
2025-04-24 02:44:36,958 [INFO] IPUIPlugin:80 - create IPUIPlugin
2025-04-24 02:44:36,959 [INFO] PluginManager:220 - loadIPPluginJar : add fmc
2025-04-24 02:44:37,173 [INFO] IPUIPlugin:80 - create IPUIPlugin
2025-04-24 02:44:37,174 [INFO] PluginManager:220 - loadIPPluginJar : add freertos
2025-04-24 02:44:37,344 [INFO] IPUIPlugin:80 - create IPUIPlugin
2025-04-24 02:44:37,345 [INFO] PluginManager:220 - loadIPPluginJar : add genericplugin
2025-04-24 02:44:37,520 [INFO] IPUIPlugin:80 - create IPUIPlugin
2025-04-24 02:44:37,521 [INFO] PluginManager:220 - loadIPPluginJar : add gfxmmu
2025-04-24 02:44:37,791 [INFO] IPUIPlugin:80 - create IPUIPlugin
2025-04-24 02:44:37,792 [INFO] PluginManager:220 - loadIPPluginJar : add gic
2025-04-24 02:44:37,857 [INFO] IPUIPlugin:80 - create IPUIPlugin
2025-04-24 02:44:37,858 [INFO] PluginManager:220 - loadIPPluginJar : add gpio
2025-04-24 02:44:38,021 [INFO] IPUIPlugin:80 - create IPUIPlugin
2025-04-24 02:44:38,022 [INFO] PluginManager:220 - loadIPPluginJar : add gtzc
2025-04-24 02:44:38,107 [INFO] IPUIPlugin:80 - create IPUIPlugin
2025-04-24 02:44:38,107 [INFO] PluginManager:220 - loadIPPluginJar : add hash
2025-04-24 02:44:38,150 [INFO] ThirdPartyUpdaterWithRetryManager:70 - Updater plugin not ready yet. [2/15]
2025-04-24 02:44:38,206 [INFO] IPUIPlugin:80 - create IPUIPlugin
2025-04-24 02:44:38,207 [INFO] PluginManager:220 - loadIPPluginJar : add i2c
2025-04-24 02:44:38,289 [INFO] IPUIPlugin:80 - create IPUIPlugin
2025-04-24 02:44:38,290 [INFO] PluginManager:220 - loadIPPluginJar : add i2s
2025-04-24 02:44:38,346 [INFO] IPUIPlugin:80 - create IPUIPlugin
2025-04-24 02:44:38,347 [INFO] PluginManager:220 - loadIPPluginJar : add i3c
2025-04-24 02:44:38,748 [INFO] IPUIPlugin:80 - create IPUIPlugin
2025-04-24 02:44:38,750 [INFO] PluginManager:220 - loadIPPluginJar : add ipddr
2025-04-24 02:44:38,923 [INFO] IPUIPlugin:80 - create IPUIPlugin
2025-04-24 02:44:38,924 [INFO] PluginManager:220 - loadIPPluginJar : add linkedlist
2025-04-24 02:44:38,991 [INFO] IPUIPlugin:80 - create IPUIPlugin
2025-04-24 02:44:38,992 [INFO] PluginManager:220 - loadIPPluginJar : add lorawan
2025-04-24 02:44:39,039 [INFO] IPUIPlugin:80 - create IPUIPlugin
2025-04-24 02:44:39,040 [INFO] PluginManager:220 - loadIPPluginJar : add ltdc
2025-04-24 02:44:39,078 [INFO] IPUIPlugin:80 - create IPUIPlugin
2025-04-24 02:44:39,079 [INFO] PluginManager:220 - loadIPPluginJar : add mdma
2025-04-24 02:44:39,121 [INFO] IPUIPlugin:80 - create IPUIPlugin
2025-04-24 02:44:39,123 [INFO] PluginManager:220 - loadIPPluginJar : add nvic
2025-04-24 02:44:39,171 [INFO] IPUIPlugin:80 - create IPUIPlugin
2025-04-24 02:44:39,175 [INFO] PluginManager:220 - loadIPPluginJar : add opamp
2025-04-24 02:44:39,272 [INFO] IPUIPlugin:80 - create IPUIPlugin
2025-04-24 02:44:39,273 [INFO] PluginManager:220 - loadIPPluginJar : add openamp
2025-04-24 02:44:39,356 [INFO] IPUIPlugin:80 - create IPUIPlugin
2025-04-24 02:44:39,357 [INFO] PluginManager:220 - loadIPPluginJar : add pdm2pcm
2025-04-24 02:44:39,388 [INFO] IPUIPlugin:80 - create IPUIPlugin
2025-04-24 02:44:39,390 [INFO] PluginManager:220 - loadIPPluginJar : add plateformsettings
2025-04-24 02:44:39,430 [INFO] IPUIPlugin:80 - create IPUIPlugin
2025-04-24 02:44:39,431 [INFO] PluginManager:220 - loadIPPluginJar : add quadspi
2025-04-24 02:44:39,496 [INFO] IPUIPlugin:80 - create IPUIPlugin
2025-04-24 02:44:39,497 [INFO] PluginManager:220 - loadIPPluginJar : add radio
2025-04-24 02:44:39,529 [INFO] IPUIPlugin:80 - create IPUIPlugin
2025-04-24 02:44:39,530 [INFO] PluginManager:220 - loadIPPluginJar : add resmgrutility
2025-04-24 02:44:39,623 [INFO] IPUIPlugin:80 - create IPUIPlugin
2025-04-24 02:44:39,624 [INFO] PluginManager:220 - loadIPPluginJar : add sai
2025-04-24 02:44:39,685 [INFO] IPUIPlugin:80 - create IPUIPlugin
2025-04-24 02:44:39,686 [INFO] PluginManager:220 - loadIPPluginJar : add spi
2025-04-24 02:44:39,908 [INFO] IPUIPlugin:80 - create IPUIPlugin
2025-04-24 02:44:39,909 [INFO] PluginManager:220 - loadIPPluginJar : add stm32_wpan
2025-04-24 02:44:40,137 [INFO] IPUIPlugin:80 - create IPUIPlugin
2025-04-24 02:44:40,138 [INFO] PluginManager:220 - loadIPPluginJar : add tim
2025-04-24 02:44:40,254 [INFO] IPUIPlugin:80 - create IPUIPlugin
2025-04-24 02:44:40,255 [INFO] PluginManager:220 - loadIPPluginJar : add touchsensing
2025-04-24 02:44:40,338 [INFO] IPUIPlugin:80 - create IPUIPlugin
2025-04-24 02:44:40,339 [INFO] PluginManager:220 - loadIPPluginJar : add tracer_emb
2025-04-24 02:44:40,377 [INFO] IPUIPlugin:80 - create IPUIPlugin
2025-04-24 02:44:40,378 [INFO] PluginManager:220 - loadIPPluginJar : add ts
2025-04-24 02:44:40,414 [INFO] IPUIPlugin:80 - create IPUIPlugin
2025-04-24 02:44:40,415 [INFO] PluginManager:220 - loadIPPluginJar : add tsc
2025-04-24 02:44:40,455 [INFO] IPUIPlugin:80 - create IPUIPlugin
2025-04-24 02:44:40,455 [INFO] PluginManager:220 - loadIPPluginJar : add ucpd
2025-04-24 02:44:40,583 [INFO] IPUIPlugin:80 - create IPUIPlugin
2025-04-24 02:44:40,584 [INFO] PluginManager:220 - loadIPPluginJar : add usart
2025-04-24 02:44:40,662 [INFO] IPUIPlugin:80 - create IPUIPlugin
2025-04-24 02:44:40,664 [INFO] PluginManager:220 - loadIPPluginJar : add usbx
2025-04-24 02:44:40,854 [INFO] CADModel:165 - CPN selected for project level
2025-04-24 02:44:40,855 [INFO] CADModel:114 - Register for checkConnection events
2025-04-24 02:44:40,856 [FATAL] Updater:334 - Updater called before beeing initialized
2025-04-24 02:44:40,857 [ERROR] CADModel:125 - Updater not yet initialized, retry later 
2025-04-24 02:44:40,999 [INFO] CADModel:165 - CPN selected for project level
2025-04-24 02:44:41,000 [INFO] CADModel:114 - Register for checkConnection events
2025-04-24 02:44:41,000 [FATAL] Updater:334 - Updater called before beeing initialized
2025-04-24 02:44:41,001 [ERROR] CADModel:125 - Updater not yet initialized, retry later 
2025-04-24 02:44:41,005 [FATAL] Updater:334 - Updater called before beeing initialized
2025-04-24 02:44:41,151 [INFO] ThirdPartyUpdaterWithRetryManager:70 - Updater plugin not ready yet. [3/15]
2025-04-24 02:44:41,481 [FATAL] Updater:334 - Updater called before beeing initialized
2025-04-24 02:44:41,487 [INFO] DbMcusAds:53 - JSON generation date=Thu Sep 30 08:55:09 SAST 2021 (1632984909247)
2025-04-24 02:44:41,488 [FATAL] Updater:334 - Updater called before beeing initialized
2025-04-24 02:44:41,554 [WARN] DetailPanel:346 - Failed to get advertising image, set to default
2025-04-24 02:44:41,645 [FATAL] Updater:334 - Updater called before beeing initialized
2025-04-24 02:44:41,647 [FATAL] Updater:334 - Updater called before beeing initialized
2025-04-24 02:44:41,648 [FATAL] Updater:334 - Updater called before beeing initialized
2025-04-24 02:44:41,649 [WARN] DetailPanel:346 - Failed to get advertising image, set to default
2025-04-24 02:44:41,650 [FATAL] Updater:334 - Updater called before beeing initialized
2025-04-24 02:44:41,737 [ERROR] Updater:1164 - MainUpdater not yet initialized. External WinMGr cannot be set.
2025-04-24 02:44:41,754 [INFO] Updater:1100 - Updater Version found : 6.12.1
2025-04-24 02:44:41,806 [INFO] ApplicationProperties:184 - Using Application install path: C:\ST\STM32CubeIDE_1.16.1\STM32CubeIDE\plugins\com.st.stm32cube.common.mx_6.12.1.202409122256
2025-04-24 02:44:43,390 [ERROR] LogOutputStream:75 - [STDERR_REDIRECT] Apr 24, 2025 2:44:43 AM java.util.prefs.WindowsPreferences <init>
2025-04-24 02:44:43,395 [ERROR] LogOutputStream:75 - [STDERR_REDIRECT] WARNING: Could not open/create prefs root node Software\JavaSoft\Prefs at root 0xffffffff80000002. Windows RegCreateKeyEx(...) returned error code 5.
2025-04-24 02:44:43,397 [ERROR] LogOutputStream:75 - [STDERR_REDIRECT] 
2025-04-24 02:44:43,487 [INFO] MainUpdater:526 - Copy updater definitions from MX database
2025-04-24 02:44:43,541 [INFO] MainUpdater:559 - Copy flag file definitions from MX database
2025-04-24 02:44:43,556 [INFO] MainUpdater:575 - Copy thirdparty index definitions from MX database
2025-04-24 02:44:43,565 [INFO] MainUpdater:594 - Copy default thirdparty db definitions from MX database
2025-04-24 02:44:43,823 [INFO] MainUpdater:2873 - connection check result : 10
2025-04-24 02:44:43,824 [INFO] MainUpdater:3567 - Updater definition file requires update
2025-04-24 02:44:43,826 [INFO] MainUpdater:290 - Updater Check For Update Now.
2025-04-24 02:44:43,827 [INFO] MicroXplorer:498 - Change Database Version : DB.6.0.121
2025-04-24 02:44:43,913 [INFO] McuFinderGlobals:63 - Set McuFinder mode to 2 (CubeIDE integrated)
2025-04-24 02:44:43,914 [INFO] UserAuth:179 - activating auth plugin
2025-04-24 02:44:43,948 [INFO] UserAuth:417 - Internet connection configuration mode: 1
2025-04-24 02:44:43,951 [INFO] ServerAccessManage:473 - Download File updaters.zip
2025-04-24 02:44:44,007 [INFO] JxBrowserEngine:152 - Initiate JxBrowser Engine with user profile folder
2025-04-24 02:44:44,066 [INFO] FileExtend:240 - Unzip File : updaters.zip
2025-04-24 02:44:44,067 [INFO] FileExtend:255 - Standard Zip Deflate
2025-04-24 02:44:44,152 [WARN] MainUpdater:1194 - Updater busy. Cannot search thirdparties
2025-04-24 02:44:44,154 [INFO] ThirdPartyUpdaterWithRetryManager:96 - Updater plugin is busy. [1/15]
2025-04-24 02:44:44,583 [INFO] ServerAccessManage:473 - Download File PacksControlFlags.xml
2025-04-24 02:44:44,726 [INFO] ServerAccessManage:473 - Download File cubemx.pidx
2025-04-24 02:44:45,332 [INFO] ServerAccessManage:473 - Download File STMicroelectronics.FP-ATR-ASTRA1.pdsc
2025-04-24 02:44:45,468 [INFO] ServerAccessManage:473 - Download File STMicroelectronics.FP-ATR-SIGFOX1.pdsc
2025-04-24 02:44:45,554 [INFO] ServerAccessManage:473 - Download File STMicroelectronics.FP-SNS-STBOX1.pdsc
2025-04-24 02:44:45,633 [INFO] ServerAccessManage:473 - Download File STMicroelectronics.FP-SNS-FLIGHT1.pdsc
2025-04-24 02:44:45,741 [INFO] ServerAccessManage:473 - Download File STMicroelectronics.FP-SNS-MOTENV1.pdsc
2025-04-24 02:44:45,829 [INFO] ServerAccessManage:473 - Download File STMicroelectronics.FP-SNS-MOTENVWB1.pdsc
2025-04-24 02:44:45,898 [INFO] ServerAccessManage:473 - Download File STMicroelectronics.FP-SNS-SMARTAG2.pdsc
2025-04-24 02:44:45,950 [INFO] ServerAccessManage:473 - Download File STMicroelectronics.X-CUBE-AI.pdsc
2025-04-24 02:44:46,293 [INFO] ServerAccessManage:473 - Download File STMicroelectronics.X-CUBE-ALS.pdsc
2025-04-24 02:44:46,378 [INFO] ServerAccessManage:473 - Download File STMicroelectronics.X-CUBE-BLE1.pdsc
2025-04-24 02:44:47,156 [WARN] MainUpdater:1194 - Updater busy. Cannot search thirdparties
2025-04-24 02:44:47,157 [INFO] ThirdPartyUpdaterWithRetryManager:96 - Updater plugin is busy. [2/15]
2025-04-24 02:44:47,187 [ERROR] ServerAccessManage:1089 - Problem, file not found on Server
2025-04-24 02:44:47,201 [INFO] ServerAccessManage:473 - Download File STMicroelectronics.X-CUBE-BLE2.pdsc
2025-04-24 02:44:47,342 [INFO] ServerAccessManage:473 - Download File STMicroelectronics.X-CUBE-BLEMGR.pdsc
2025-04-24 02:44:47,976 [ERROR] ServerAccessManage:1089 - Problem, file not found on Server
2025-04-24 02:44:48,078 [INFO] ServerAccessManage:473 - Download File STMicroelectronics.X-CUBE-DISPLAY.pdsc
2025-04-24 02:44:48,203 [INFO] ServerAccessManage:473 - Download File STMicroelectronics.X-CUBE-DPOWER.pdsc
2025-04-24 02:44:48,911 [ERROR] ServerAccessManage:1089 - Problem, file not found on Server
2025-04-24 02:44:49,512 [ERROR] ServerAccessManage:1089 - Problem, file not found on Server
2025-04-24 02:44:50,108 [ERROR] ServerAccessManage:1089 - Problem, file not found on Server
2025-04-24 02:44:50,159 [WARN] MainUpdater:1194 - Updater busy. Cannot search thirdparties
2025-04-24 02:44:50,160 [INFO] ThirdPartyUpdaterWithRetryManager:96 - Updater plugin is busy. [3/15]
2025-04-24 02:44:50,717 [ERROR] ServerAccessManage:1089 - Problem, file not found on Server
2025-04-24 02:44:51,323 [ERROR] ServerAccessManage:1089 - Problem, file not found on Server
2025-04-24 02:44:51,932 [ERROR] ServerAccessManage:1089 - Problem, file not found on Server
2025-04-24 02:44:52,540 [ERROR] ServerAccessManage:1089 - Problem, file not found on Server
2025-04-24 02:44:53,151 [ERROR] ServerAccessManage:1089 - Problem, file not found on Server
2025-04-24 02:44:53,162 [WARN] MainUpdater:1194 - Updater busy. Cannot search thirdparties
2025-04-24 02:44:53,163 [INFO] ThirdPartyUpdaterWithRetryManager:96 - Updater plugin is busy. [4/15]
2025-04-24 02:44:53,751 [ERROR] ServerAccessManage:1089 - Problem, file not found on Server
2025-04-24 02:44:54,365 [ERROR] ServerAccessManage:1089 - Problem, file not found on Server
2025-04-24 02:44:54,962 [ERROR] ServerAccessManage:1089 - Problem, file not found on Server
2025-04-24 02:44:54,978 [INFO] ServerAccessManage:473 - Download File STMicroelectronics.X-CUBE-EEPRMA1.pdsc
2025-04-24 02:44:55,614 [ERROR] ServerAccessManage:1089 - Problem, file not found on Server
2025-04-24 02:44:56,165 [WARN] MainUpdater:1194 - Updater busy. Cannot search thirdparties
2025-04-24 02:44:56,166 [INFO] ThirdPartyUpdaterWithRetryManager:96 - Updater plugin is busy. [5/15]
2025-04-24 02:44:56,243 [ERROR] ServerAccessManage:1089 - Problem, file not found on Server
2025-04-24 02:44:56,304 [INFO] ServerAccessManage:473 - Download File STMicroelectronics.X-CUBE-FREERTOS.pdsc
2025-04-24 02:44:56,404 [INFO] ServerAccessManage:473 - Download File STMicroelectronics.X-CUBE-GNSS1.pdsc
2025-04-24 02:44:57,166 [ERROR] ServerAccessManage:1089 - Problem, file not found on Server
2025-04-24 02:44:57,757 [ERROR] ServerAccessManage:1089 - Problem, file not found on Server
2025-04-24 02:44:57,874 [INFO] WebApp:167 - Instantiating new browser for Auth
2025-04-24 02:44:57,985 [ERROR] ServerAccessManage:1089 - Problem, file not found on Server
2025-04-24 02:44:58,584 [ERROR] ServerAccessManage:1089 - Problem, file not found on Server
2025-04-24 02:44:59,170 [WARN] MainUpdater:1194 - Updater busy. Cannot search thirdparties
2025-04-24 02:44:59,171 [INFO] ThirdPartyUpdaterWithRetryManager:96 - Updater plugin is busy. [6/15]
2025-04-24 02:44:59,186 [ERROR] ServerAccessManage:1089 - Problem, file not found on Server
2025-04-24 02:44:59,491 [INFO] WebApp:448 - Apply proxy settings
2025-04-24 02:44:59,492 [INFO] WebApp:533 - Chromium requires no authentication
2025-04-24 02:44:59,499 [INFO] WebApp:476 - Direct internet connection detected
2025-04-24 02:44:59,530 [INFO] WebApp:869 - Register for checkConnection events
2025-04-24 02:44:59,531 [INFO] WebApp:448 - Apply proxy settings
2025-04-24 02:44:59,531 [INFO] WebApp:533 - Chromium requires no authentication
2025-04-24 02:44:59,533 [INFO] WebApp:476 - Direct internet connection detected
2025-04-24 02:44:59,730 [INFO] WebApp:220 - Starting web application
2025-04-24 02:44:59,731 [INFO] WebApp:578 - Web application path used C:\ST\STM32CubeIDE_1.16.1\STM32CubeIDE\plugins\com.st.stm32cube.common.mx_6.12.1.202409122256\db\plugins\mcufinder\reactClient1\index.html
2025-04-24 02:44:59,786 [ERROR] ServerAccessManage:1089 - Problem, file not found on Server
2025-04-24 02:44:59,800 [INFO] ServerAccessManage:473 - Download File STMicroelectronics.X-CUBE-ISPU.pdsc
2025-04-24 02:44:59,906 [INFO] ServerAccessManage:473 - Download File STMicroelectronics.X-CUBE-IPS.pdsc
2025-04-24 02:45:00,036 [INFO] ServerAccessManage:473 - Download File STMicroelectronics.X-CUBE-MEMS1.pdsc
2025-04-24 02:45:00,379 [INFO] WebApp:186 - Connection restablished
2025-04-24 02:45:00,448 [INFO] ServerAccessManage:473 - Download File STMicroelectronics.X-CUBE-NFC4.pdsc
2025-04-24 02:45:00,671 [INFO] ServerAccessManage:473 - Download File STMicroelectronics.X-CUBE-NFC6.pdsc
2025-04-24 02:45:00,746 [INFO] ServerAccessManage:473 - Download File STMicroelectronics.X-CUBE-NFC7.pdsc
2025-04-24 02:45:00,836 [INFO] ServerAccessManage:473 - Download File STMicroelectronics.X-CUBE-NFC9.pdsc
2025-04-24 02:45:00,889 [INFO] ServerAccessManage:473 - Download File STMicroelectronics.X-CUBE-NFC10.pdsc
2025-04-24 02:45:00,943 [INFO] ServerAccessManage:473 - Download File STMicroelectronics.X-CUBE-SFXS2LP1.pdsc
2025-04-24 02:45:01,039 [INFO] ServerAccessManage:473 - Download File STMicroelectronics.X-CUBE-SAFEA1.pdsc
2025-04-24 02:45:01,092 [INFO] ServerAccessManage:473 - Download File STMicroelectronics.X-CUBE-SUBG2.pdsc
2025-04-24 02:45:01,271 [INFO] ServerAccessManage:473 - Download File STMicroelectronics.X-CUBE-SMBUS.pdsc
2025-04-24 02:45:01,927 [ERROR] ServerAccessManage:1089 - Problem, file not found on Server
2025-04-24 02:45:01,945 [INFO] ServerAccessManage:473 - Download File STMicroelectronics.X-CUBE-TCPP.pdsc
2025-04-24 02:45:02,027 [INFO] ServerAccessManage:473 - Download File STMicroelectronics.X-CUBE-TOF1.pdsc
2025-04-24 02:45:02,174 [WARN] MainUpdater:1194 - Updater busy. Cannot search thirdparties
2025-04-24 02:45:02,175 [INFO] ThirdPartyUpdaterWithRetryManager:96 - Updater plugin is busy. [7/15]
2025-04-24 02:45:02,813 [ERROR] ServerAccessManage:1089 - Problem, file not found on Server
2025-04-24 02:45:02,846 [INFO] ServerAccessManage:473 - Download File STMicroelectronics.X-CUBE-TOUCHGFX.pdsc
2025-04-24 02:45:03,248 [INFO] ServerAccessManage:473 - Download File STMicroelectronics.X-CUBE-ALGOBUILD.pdsc
2025-04-24 02:45:03,401 [INFO] ServerAccessManage:473 - Download File STMicroelectronics.X-CUBE-AZRTOS-H7.pdsc
2025-04-24 02:45:03,575 [INFO] ServerAccessManage:473 - Download File STMicroelectronics.X-CUBE-AZRTOS-H7RS.pdsc
2025-04-24 02:45:03,958 [INFO] ServerAccessManage:473 - Download File STMicroelectronics.X-CUBE-AZRTOS-F4.pdsc
2025-04-24 02:45:04,042 [INFO] ServerAccessManage:473 - Download File STMicroelectronics.X-CUBE-AZRTOS-F7.pdsc
2025-04-24 02:45:04,123 [INFO] ServerAccessManage:473 - Download File STMicroelectronics.X-CUBE-AZRTOS-L4.pdsc
2025-04-24 02:45:04,208 [INFO] ServerAccessManage:473 - Download File STMicroelectronics.X-CUBE-AZRTOS-L5.pdsc
2025-04-24 02:45:04,307 [INFO] ServerAccessManage:473 - Download File STMicroelectronics.X-CUBE-AZRTOS-G0.pdsc
2025-04-24 02:45:04,389 [INFO] ServerAccessManage:473 - Download File STMicroelectronics.X-CUBE-AZRTOS-G4.pdsc
2025-04-24 02:45:04,512 [INFO] ServerAccessManage:473 - Download File STMicroelectronics.X-CUBE-AZRTOS-WB.pdsc
2025-04-24 02:45:04,593 [INFO] ServerAccessManage:473 - Download File STMicroelectronics.X-CUBE-AZRTOS-WL.pdsc
2025-04-24 02:45:04,691 [INFO] ServerAccessManage:473 - Download File STMicroelectronics.X-CUBE-WB05N.pdsc
2025-04-24 02:45:05,177 [WARN] MainUpdater:1194 - Updater busy. Cannot search thirdparties
2025-04-24 02:45:05,178 [INFO] ThirdPartyUpdaterWithRetryManager:96 - Updater plugin is busy. [8/15]
2025-04-24 02:45:05,667 [INFO] ServerAccessManage:473 - Download File wolfSSL.I-CUBE-wolfSSL.pdsc
2025-04-24 02:45:08,180 [WARN] MainUpdater:1194 - Updater busy. Cannot search thirdparties
2025-04-24 02:45:08,182 [INFO] ThirdPartyUpdaterWithRetryManager:96 - Updater plugin is busy. [9/15]
2025-04-24 02:45:11,040 [ERROR] ServerAccessManage:1089 - Problem, file not found on Server
2025-04-24 02:45:11,184 [WARN] MainUpdater:1194 - Updater busy. Cannot search thirdparties
2025-04-24 02:45:11,185 [INFO] ThirdPartyUpdaterWithRetryManager:96 - Updater plugin is busy. [10/15]
2025-04-24 02:45:11,541 [ERROR] ServerAccessManage:1089 - Problem, file not found on Server
2025-04-24 02:45:12,001 [ERROR] ServerAccessManage:1089 - Problem, file not found on Server
2025-04-24 02:45:12,227 [INFO] ServerAccessManage:473 - Download File wolfSSL.I-CUBE-wolfMQTT.pdsc
2025-04-24 02:45:13,643 [ERROR] ServerAccessManage:1089 - Problem, file not found on Server
2025-04-24 02:45:13,873 [INFO] ServerAccessManage:473 - Download File wolfSSL.I-CUBE-wolfTPM.pdsc
2025-04-24 02:45:14,187 [WARN] MainUpdater:1194 - Updater busy. Cannot search thirdparties
2025-04-24 02:45:14,188 [INFO] ThirdPartyUpdaterWithRetryManager:96 - Updater plugin is busy. [11/15]
2025-04-24 02:45:15,517 [INFO] ServerAccessManage:473 - Download File wolfSSL.I-CUBE-wolfSSH.pdsc
2025-04-24 02:45:17,190 [WARN] MainUpdater:1194 - Updater busy. Cannot search thirdparties
2025-04-24 02:45:17,191 [INFO] ThirdPartyUpdaterWithRetryManager:96 - Updater plugin is busy. [12/15]
2025-04-24 02:45:19,124 [INFO] ServerAccessManage:473 - Download File RealThread.X-CUBE-RT-Thread_Nano.pdsc
2025-04-24 02:45:20,193 [WARN] MainUpdater:1194 - Updater busy. Cannot search thirdparties
2025-04-24 02:45:20,195 [INFO] ThirdPartyUpdaterWithRetryManager:96 - Updater plugin is busy. [13/15]
2025-04-24 02:45:22,446 [INFO] ServerAccessManage:473 - Download File SEGGER.I-CUBE-embOS.pdsc
2025-04-24 02:45:23,197 [WARN] MainUpdater:1194 - Updater busy. Cannot search thirdparties
2025-04-24 02:45:23,198 [INFO] ThirdPartyUpdaterWithRetryManager:96 - Updater plugin is busy. [14/15]
2025-04-24 02:45:24,847 [INFO] ServerAccessManage:473 - Download File portGmbH.I-Cube-SoM-uGOAL.pdsc
2025-04-24 02:45:26,200 [WARN] MainUpdater:1194 - Updater busy. Cannot search thirdparties
2025-04-24 02:45:26,200 [INFO] ThirdPartyUpdaterWithRetryManager:96 - Updater plugin is busy. [15/15]
2025-04-24 02:45:26,201 [ERROR] IntegrityCheckThread:130 - Cannot retrieve database content from updater: error -1
2025-04-24 02:45:26,203 [INFO] ThirdParty:978 - Integrity check success = false
2025-04-24 02:45:26,203 [INFO] IntegrityCheckThread:100 - exiting critical section [integrity check]
2025-04-24 02:45:26,204 [INFO] IntegrityCheckThread:103 - End integrity checks thread
2025-04-24 02:45:26,575 [ERROR] ServerAccessManage:1089 - Problem, file not found on Server
2025-04-24 02:45:26,745 [ERROR] ServerAccessManage:1089 - Problem, file not found on Server
2025-04-24 02:45:26,915 [ERROR] ServerAccessManage:1089 - Problem, file not found on Server
2025-04-24 02:45:27,630 [INFO] ServerAccessManage:473 - Download File emotas.I-CUBE-CANOPEN.pdsc
2025-04-24 02:45:29,518 [INFO] ServerAccessManage:473 - Download File WES.I-CUBE-Cesium.pdsc
2025-04-24 02:45:30,472 [ERROR] ServerAccessManage:1089 - Problem, file not found on Server
2025-04-24 02:45:30,856 [ERROR] ServerAccessManage:1089 - Problem, file not found on Server
2025-04-24 02:45:31,864 [INFO] ServerAccessManage:473 - Download File ITTIA_DB.I-CUBE-ITTIADB.pdsc
2025-04-24 02:45:37,524 [INFO] ServerAccessManage:473 - Download File Infineon.AIROC-Wi-Fi-Bluetooth-STM32.pdsc
2025-04-24 02:45:47,420 [INFO] ServerAccessManage:473 - Download File Cesanta.I-CUBE-Mongoose.pdsc
2025-04-24 02:45:50,598 [INFO] ServerAccessManage:473 - Download File EmbeddedOffice.I-CUBE-FS-RTOS.pdsc
2025-04-24 02:45:51,935 [INFO] ServerAccessManage:473 - Download File quantropi.X-CUBE-qispace-sdk-base.pdsc
2025-04-24 02:45:52,426 [INFO] ServerAccessManage:473 - Download File Avnet-IotConnect.X-CUBE-IoTC-DA16k-PMOD.pdsc
2025-04-24 02:45:52,571 [WARN] CheckServerUpdateThread:151 - Open CheckUpdateFile Fail
2025-04-24 02:45:52,617 [WARN] PackLoader:240 - Cannot read IP mode file for STMicroelectronics.FP-ATR-ASTRA1.2.0.2
2025-04-24 02:45:52,643 [WARN] PackLoader:240 - Cannot read IP mode file for STMicroelectronics.FP-ATR-SIGFOX1.3.2.0
2025-04-24 02:45:52,663 [WARN] PackLoader:240 - Cannot read IP mode file for STMicroelectronics.FP-SNS-STBOX1.2.0.0
2025-04-24 02:45:52,675 [WARN] PopulateThirdPartyThread:106 - Error when creating pack: C:/Users/23709405/.stm32cubemx/thirdparties/pdsc/STMicroelectronics.FP-SNS-FLIGHT1.pdsc
2025-04-24 02:45:52,689 [WARN] PackLoader:240 - Cannot read IP mode file for STMicroelectronics.FP-SNS-MOTENV1.5.0.0
2025-04-24 02:45:52,701 [INFO] CheckServerUpdateThread:120 - End of CheckServer Thread
2025-04-24 02:45:52,730 [WARN] PackLoader:240 - Cannot read IP mode file for STMicroelectronics.FP-SNS-MOTENVWB1.1.4.0
2025-04-24 02:45:52,770 [WARN] PackLoader:240 - Cannot read IP mode file for STMicroelectronics.FP-SNS-SMARTAG2.1.2.0
2025-04-24 02:45:52,798 [WARN] PackLoader:240 - Cannot read IP mode file for STMicroelectronics.X-CUBE-AI.10.0.0
2025-04-24 02:45:52,807 [WARN] PackLoader:240 - Cannot read IP mode file for STMicroelectronics.X-CUBE-ALS.1.0.2
2025-04-24 02:45:52,816 [WARN] PackLoader:240 - Cannot read IP mode file for STMicroelectronics.X-CUBE-BLE1.7.1.0
2025-04-24 02:45:52,826 [WARN] PackLoader:240 - Cannot read IP mode file for STMicroelectronics.X-CUBE-BLE2.3.3.0
2025-04-24 02:45:52,864 [WARN] PackLoader:240 - Cannot read IP mode file for STMicroelectronics.X-CUBE-BLEMGR.4.0.0
2025-04-24 02:45:52,898 [WARN] PackLoader:240 - Cannot read IP mode file for STMicroelectronics.X-CUBE-DISPLAY.3.0.0
2025-04-24 02:45:52,908 [WARN] PackLoader:240 - Cannot read IP mode file for STMicroelectronics.X-CUBE-DPower.1.3.0
2025-04-24 02:45:52,914 [WARN] PackLoader:240 - Cannot read IP mode file for STMicroelectronics.X-CUBE-EEPRMA1.5.1.0
2025-04-24 02:45:52,922 [WARN] PackLoader:240 - Cannot read IP mode file for STMicroelectronics.X-CUBE-FREERTOS.1.3.0
2025-04-24 02:45:52,927 [WARN] PackLoader:240 - Cannot read IP mode file for STMicroelectronics.X-CUBE-GNSS1.7.0.1
2025-04-24 02:45:52,933 [WARN] PackLoader:240 - Cannot read IP mode file for STMicroelectronics.X-CUBE-ISPU.2.1.0
2025-04-24 02:45:52,962 [WARN] PopulateThirdPartyThread:106 - Error when creating pack: C:/Users/23709405/.stm32cubemx/thirdparties/pdsc/STMicroelectronics.X-CUBE-IPS.pdsc
2025-04-24 02:45:53,020 [WARN] PackLoader:240 - Cannot read IP mode file for STMicroelectronics.X-CUBE-MEMS1.11.2.0
2025-04-24 02:45:53,137 [WARN] PackLoader:240 - Cannot read IP mode file for STMicroelectronics.X-CUBE-NFC4.3.0.0
2025-04-24 02:45:53,161 [WARN] PackLoader:240 - Cannot read IP mode file for STMicroelectronics.X-CUBE-NFC6.3.1.0
2025-04-24 02:45:53,167 [WARN] PackLoader:240 - Cannot read IP mode file for STMicroelectronics.X-CUBE-NFC7.1.0.1
2025-04-24 02:45:53,174 [WARN] PackLoader:240 - Cannot read IP mode file for STMicroelectronics.X-CUBE-NFC9.1.0.0
2025-04-24 02:45:53,181 [WARN] PackLoader:240 - Cannot read IP mode file for STMicroelectronics.X-CUBE-NFC10.1.0.0
2025-04-24 02:45:53,189 [WARN] PackLoader:240 - Cannot read IP mode file for STMicroelectronics.X-CUBE-SFXS2LP1.4.0.0
2025-04-24 02:45:53,201 [WARN] PackLoader:240 - Cannot read IP mode file for STMicroelectronics.X-CUBE-SAFEA1.1.2.2
2025-04-24 02:45:53,217 [WARN] PackLoader:240 - Cannot read IP mode file for STMicroelectronics.X-CUBE-SUBG2.5.0.0
2025-04-24 02:45:53,225 [WARN] PackLoader:240 - Cannot read IP mode file for STMicroelectronics.X-CUBE-SMBUS.2.1.0
2025-04-24 02:45:53,228 [WARN] PopulateThirdPartyThread:106 - Error when creating pack: C:/Users/23709405/.stm32cubemx/thirdparties/pdsc/STMicroelectronics.X-CUBE-TCPP.pdsc
2025-04-24 02:45:53,243 [WARN] PopulateThirdPartyThread:106 - Error when creating pack: C:/Users/23709405/.stm32cubemx/thirdparties/pdsc/STMicroelectronics.X-CUBE-TOF1.pdsc
2025-04-24 02:45:53,247 [WARN] PackLoader:240 - Cannot read IP mode file for STMicroelectronics.X-CUBE-TOUCHGFX.4.25.0
2025-04-24 02:45:53,253 [WARN] PackLoader:240 - Cannot read IP mode file for STMicroelectronics.X-CUBE-ALGOBUILD.1.4.0
2025-04-24 02:45:53,318 [WARN] PackLoader:240 - Cannot read IP mode file for STMicroelectronics.X-CUBE-AZRTOS-H7.3.3.0
2025-04-24 02:45:53,341 [WARN] PackLoader:240 - Cannot read IP mode file for STMicroelectronics.X-CUBE-AZRTOS-H7RS.1.1.0
2025-04-24 02:45:53,399 [WARN] PackLoader:240 - Cannot read IP mode file for STMicroelectronics.X-CUBE-AZRTOS-F4.1.1.0
2025-04-24 02:45:53,432 [WARN] PackLoader:240 - Cannot read IP mode file for STMicroelectronics.X-CUBE-AZRTOS-F7.1.1.0
2025-04-24 02:45:53,541 [WARN] ConditionMgr:438 - getConditionDescription Invalid condition id : LAN8742 Phy interface Condition cause : null
2025-04-24 02:45:53,542 [WARN] PackLoader:240 - Cannot read IP mode file for STMicroelectronics.X-CUBE-AZRTOS-L4.2.0.0
2025-04-24 02:45:53,544 [WARN] ConditionMgr:1039 - genDependencies : Invalid condition id : LAN8742 Phy interface Condition cause : null
2025-04-24 02:45:53,544 [WARN] ConditionMgr:1039 - genDependencies : Invalid condition id : LAN8742 Phy interface Condition cause : null
2025-04-24 02:45:53,545 [WARN] ConditionMgr:1039 - genDependencies : Invalid condition id : LAN8742 Phy interface Condition cause : null
2025-04-24 02:45:53,607 [WARN] PackLoader:240 - Cannot read IP mode file for STMicroelectronics.X-CUBE-AZRTOS-L5.2.0.0
2025-04-24 02:45:53,645 [WARN] PackLoader:240 - Cannot read IP mode file for STMicroelectronics.X-CUBE-AZRTOS-G0.1.1.0
2025-04-24 02:45:53,695 [WARN] PackLoader:240 - Cannot read IP mode file for STMicroelectronics.X-CUBE-AZRTOS-G4.2.0.0
2025-04-24 02:45:53,727 [WARN] ConditionMgr:438 - getConditionDescription Invalid condition id : UX DEVICE CLASS RTOS Condition cause : null
2025-04-24 02:45:53,728 [WARN] ConditionMgr:438 - getConditionDescription Invalid condition id : UX DEVICE CLASS RTOS Condition cause : null
2025-04-24 02:45:53,730 [WARN] PackLoader:240 - Cannot read IP mode file for STMicroelectronics.X-CUBE-AZRTOS-WB.2.0.0
2025-04-24 02:45:53,731 [WARN] ConditionMgr:1039 - genDependencies : Invalid condition id : UX DEVICE CLASS RTOS Condition cause : null
2025-04-24 02:45:53,732 [WARN] ConditionMgr:1039 - genDependencies : Invalid condition id : UX DEVICE CLASS RTOS Condition cause : null
2025-04-24 02:45:53,733 [WARN] ConditionMgr:1039 - genDependencies : Invalid condition id : UX DEVICE CLASS RTOS Condition cause : null
2025-04-24 02:45:53,733 [WARN] ConditionMgr:1039 - genDependencies : Invalid condition id : UX DEVICE CLASS RTOS Condition cause : null
2025-04-24 02:45:53,734 [WARN] ConditionMgr:1039 - genDependencies : Invalid condition id : UX DEVICE CLASS RTOS Condition cause : null
2025-04-24 02:45:53,743 [INFO] LogOutputStream:77 - [STDOUT_REDIRECT] 1 : Invalid condition id : UX_CORESTACK_Condition cause : null
2025-04-24 02:45:53,744 [INFO] LogOutputStream:77 - [STDOUT_REDIRECT] 1 : Invalid condition id : UX_CORESTACK_Condition cause : null
2025-04-24 02:45:53,747 [INFO] LogOutputStream:77 - [STDOUT_REDIRECT] 1 : Invalid condition id : UX_CORESTACK_Condition cause : null
2025-04-24 02:45:53,749 [INFO] LogOutputStream:77 - [STDOUT_REDIRECT] 1 : Invalid condition id : UX_CORESTACK_Condition cause : null
2025-04-24 02:45:53,751 [INFO] LogOutputStream:77 - [STDOUT_REDIRECT] 1 : Invalid condition id : UX_CORESTACK_Condition cause : null
2025-04-24 02:45:53,753 [WARN] PackLoader:240 - Cannot read IP mode file for STMicroelectronics.X-CUBE-AZRTOS-WL.2.0.0
2025-04-24 02:45:53,759 [WARN] PackLoader:240 - Cannot read IP mode file for STMicroelectronics.X-CUBE-WB05N.2.0.0
2025-04-24 02:45:53,764 [WARN] PackLoader:240 - Cannot read IP mode file for wolfSSL.I-CUBE-wolfSSL.5.7.6
2025-04-24 02:45:53,768 [WARN] PackLoader:240 - Cannot read IP mode file for wolfSSL.I-CUBE-wolfMQTT.1.19.2
2025-04-24 02:45:53,772 [WARN] PackLoader:240 - Cannot read IP mode file for wolfSSL.I-CUBE-wolfTPM.3.8.0
2025-04-24 02:45:53,776 [WARN] PackLoader:240 - Cannot read IP mode file for wolfSSL.I-CUBE-wolfSSH.1.4.20
2025-04-24 02:45:53,780 [WARN] PackLoader:240 - Cannot read IP mode file for RealThread.X-CUBE-RT-Thread_Nano.4.1.1
2025-04-24 02:45:53,838 [WARN] PackLoader:240 - Cannot read IP mode file for SEGGER.I-CUBE-embOS.1.3.1
2025-04-24 02:45:53,877 [WARN] PackLoader:240 - Cannot read IP mode file for portGmbH.I-Cube-SoM-uGOAL.1.1.0
2025-04-24 02:45:53,882 [WARN] PackLoader:240 - Cannot read IP mode file for emotas.I-CUBE-CANOPEN.1.3.0
2025-04-24 02:45:53,888 [WARN] PackLoader:240 - Cannot read IP mode file for WES.I-CUBE-Cesium.1.3.0
2025-04-24 02:45:53,933 [WARN] PackLoader:240 - Cannot read IP mode file for ITTIA_DB.I-CUBE-ITTIADB.8.9.0
2025-04-24 02:45:53,973 [WARN] PackLoader:240 - Cannot read IP mode file for Infineon.AIROC-Wi-Fi-Bluetooth-STM32.1.7.0
2025-04-24 02:45:53,981 [WARN] PackLoader:240 - Cannot read IP mode file for Cesanta.I-CUBE-Mongoose.7.13.0
2025-04-24 02:45:54,022 [WARN] PackLoader:240 - Cannot read IP mode file for EmbeddedOffice.I-CUBE-FS-RTOS.1.0.1
2025-04-24 02:45:54,023 [ERROR] ConditionMgr:805 - Attr not supported : Dmpu
2025-04-24 02:45:54,024 [ERROR] ConditionMgr:805 - Attr not supported : Dmpu
2025-04-24 02:45:54,024 [ERROR] ConditionMgr:805 - Attr not supported : Dmpu
2025-04-24 02:45:54,025 [ERROR] ConditionMgr:805 - Attr not supported : Dmpu
2025-04-24 02:45:54,025 [ERROR] ConditionMgr:805 - Attr not supported : Dmpu
2025-04-24 02:45:54,026 [ERROR] ConditionMgr:805 - Attr not supported : Dmpu
2025-04-24 02:45:54,027 [ERROR] ConditionMgr:805 - Attr not supported : Dmpu
2025-04-24 02:45:54,027 [ERROR] ConditionMgr:805 - Attr not supported : Dmpu
2025-04-24 02:45:54,028 [ERROR] ConditionMgr:805 - Attr not supported : Dmpu
2025-04-24 02:45:54,028 [ERROR] ConditionMgr:805 - Attr not supported : Dmpu
2025-04-24 02:45:54,029 [ERROR] ConditionMgr:805 - Attr not supported : Dmpu
2025-04-24 02:45:54,030 [ERROR] ConditionMgr:805 - Attr not supported : Dmpu
2025-04-24 02:45:54,030 [ERROR] ConditionMgr:805 - Attr not supported : Dmpu
2025-04-24 02:45:54,031 [ERROR] ConditionMgr:805 - Attr not supported : Dmpu
2025-04-24 02:45:54,032 [ERROR] ConditionMgr:805 - Attr not supported : Dmpu
2025-04-24 02:45:54,032 [ERROR] ConditionMgr:805 - Attr not supported : Dmpu
2025-04-24 02:45:54,033 [ERROR] ConditionMgr:805 - Attr not supported : Dmpu
2025-04-24 02:45:54,033 [ERROR] ConditionMgr:805 - Attr not supported : Dmpu
2025-04-24 02:45:54,034 [ERROR] ConditionMgr:805 - Attr not supported : Dmpu
2025-04-24 02:45:54,034 [ERROR] ConditionMgr:805 - Attr not supported : Dmpu
2025-04-24 02:45:54,035 [ERROR] ConditionMgr:805 - Attr not supported : Dmpu
2025-04-24 02:45:54,036 [ERROR] ConditionMgr:805 - Attr not supported : Dmpu
2025-04-24 02:45:54,036 [ERROR] ConditionMgr:805 - Attr not supported : Dmpu
2025-04-24 02:45:54,037 [ERROR] ConditionMgr:805 - Attr not supported : Dmpu
2025-04-24 02:45:54,037 [ERROR] ConditionMgr:805 - Attr not supported : Dmpu
2025-04-24 02:45:54,038 [ERROR] ConditionMgr:805 - Attr not supported : Dmpu
2025-04-24 02:45:54,039 [ERROR] ConditionMgr:805 - Attr not supported : Dmpu
2025-04-24 02:45:54,039 [ERROR] ConditionMgr:805 - Attr not supported : Dmpu
2025-04-24 02:45:54,040 [ERROR] ConditionMgr:805 - Attr not supported : Dmpu
2025-04-24 02:45:54,040 [ERROR] ConditionMgr:805 - Attr not supported : Dmpu
2025-04-24 02:45:54,041 [ERROR] ConditionMgr:805 - Attr not supported : Dmpu
2025-04-24 02:45:54,041 [ERROR] ConditionMgr:805 - Attr not supported : Dmpu
2025-04-24 02:45:54,042 [ERROR] ConditionMgr:805 - Attr not supported : Dmpu
2025-04-24 02:45:54,042 [ERROR] ConditionMgr:805 - Attr not supported : Dmpu
2025-04-24 02:45:54,043 [ERROR] ConditionMgr:805 - Attr not supported : Dmpu
2025-04-24 02:45:54,044 [ERROR] ConditionMgr:805 - Attr not supported : Dmpu
2025-04-24 02:45:54,044 [ERROR] ConditionMgr:805 - Attr not supported : Dmpu
2025-04-24 02:45:54,045 [ERROR] ConditionMgr:805 - Attr not supported : Dmpu
2025-04-24 02:45:54,046 [ERROR] ConditionMgr:805 - Attr not supported : Dmpu
2025-04-24 02:45:54,046 [ERROR] ConditionMgr:805 - Attr not supported : Dmpu
2025-04-24 02:45:54,047 [ERROR] ConditionMgr:805 - Attr not supported : Dmpu
2025-04-24 02:45:54,047 [ERROR] ConditionMgr:805 - Attr not supported : Dmpu
2025-04-24 02:45:54,048 [ERROR] ConditionMgr:805 - Attr not supported : Dmpu
2025-04-24 02:45:54,048 [ERROR] ConditionMgr:805 - Attr not supported : Dmpu
2025-04-24 02:45:54,049 [ERROR] ConditionMgr:805 - Attr not supported : Dmpu
2025-04-24 02:45:54,050 [ERROR] ConditionMgr:805 - Attr not supported : Dmpu
2025-04-24 02:45:54,050 [ERROR] ConditionMgr:805 - Attr not supported : Dmpu
2025-04-24 02:45:54,051 [ERROR] ConditionMgr:805 - Attr not supported : Dmpu
2025-04-24 02:45:54,051 [ERROR] ConditionMgr:805 - Attr not supported : Dmpu
2025-04-24 02:45:54,052 [ERROR] ConditionMgr:805 - Attr not supported : Dmpu
2025-04-24 02:45:54,053 [ERROR] ConditionMgr:805 - Attr not supported : Dmpu
2025-04-24 02:45:54,053 [ERROR] ConditionMgr:805 - Attr not supported : Dmpu
2025-04-24 02:45:54,054 [ERROR] ConditionMgr:805 - Attr not supported : Dmpu
2025-04-24 02:45:54,054 [ERROR] ConditionMgr:805 - Attr not supported : Dmpu
2025-04-24 02:45:54,055 [ERROR] ConditionMgr:805 - Attr not supported : Dmpu
2025-04-24 02:45:54,055 [ERROR] ConditionMgr:805 - Attr not supported : Dmpu
2025-04-24 02:45:54,056 [ERROR] ConditionMgr:805 - Attr not supported : Dmpu
2025-04-24 02:45:54,056 [ERROR] ConditionMgr:805 - Attr not supported : Dmpu
2025-04-24 02:45:54,057 [ERROR] ConditionMgr:805 - Attr not supported : Dmpu
2025-04-24 02:45:54,058 [ERROR] ConditionMgr:805 - Attr not supported : Dmpu
2025-04-24 02:45:54,058 [ERROR] ConditionMgr:805 - Attr not supported : Dmpu
2025-04-24 02:45:54,059 [ERROR] ConditionMgr:805 - Attr not supported : Dmpu
2025-04-24 02:45:54,060 [ERROR] ConditionMgr:805 - Attr not supported : Dmpu
2025-04-24 02:45:54,061 [ERROR] ConditionMgr:805 - Attr not supported : Dmpu
2025-04-24 02:45:54,065 [WARN] ConditionMgr:438 - getConditionDescription Invalid condition id : Cortex-A Device cause : null
2025-04-24 02:45:54,089 [WARN] ConditionMgr:1039 - genDependencies : Invalid condition id : Cortex-A Device cause : null
2025-04-24 02:45:54,090 [WARN] ConditionMgr:1039 - genDependencies : Invalid condition id : Cortex-A Device cause : null
2025-04-24 02:45:54,090 [WARN] ConditionMgr:1039 - genDependencies : Invalid condition id : Cortex-A Device cause : null
2025-04-24 02:45:54,093 [WARN] PopulateThirdPartyThread:106 - Error when creating pack: C:/Users/23709405/.stm32cubemx/thirdparties/pdsc/Avnet-IotConnect.X-CUBE-IoTC-DA16k-PMOD.pdsc
2025-04-24 02:45:54,094 [INFO] PopulateThirdPartyThread:66 - Ending populate Thread
2025-04-24 02:45:54,096 [INFO] ThirdParty:1030 - CMSIS Pack Vendor :STMicroelectronics X-CUBE-AZRTOS-H7 3.3.0
2025-04-24 02:45:54,097 [INFO] ThirdParty:1030 - CMSIS Pack Vendor :STMicroelectronics X-CUBE-NFC9 1.0.0
2025-04-24 02:45:54,097 [INFO] ThirdParty:1030 - CMSIS Pack Vendor :STMicroelectronics FP-SNS-MOTENVWB1 1.4.0
2025-04-24 02:45:54,098 [INFO] ThirdParty:1030 - CMSIS Pack Vendor :STMicroelectronics X-CUBE-AZRTOS-F4 1.1.0
2025-04-24 02:45:54,099 [INFO] ThirdParty:1030 - CMSIS Pack Vendor :STMicroelectronics FP-ATR-ASTRA1 2.0.2
2025-04-24 02:45:54,099 [INFO] ThirdParty:1030 - CMSIS Pack Vendor :STMicroelectronics X-CUBE-BLE1 7.1.0
2025-04-24 02:45:54,100 [INFO] ThirdParty:1030 - CMSIS Pack Vendor :STMicroelectronics X-CUBE-SMBUS 2.1.0
2025-04-24 02:45:54,100 [INFO] ThirdParty:1030 - CMSIS Pack Vendor :wolfSSL I-CUBE-wolfMQTT 1.19.2
2025-04-24 02:45:54,101 [INFO] ThirdParty:1030 - CMSIS Pack Vendor :STMicroelectronics X-CUBE-ISPU 2.1.0
2025-04-24 02:45:54,101 [INFO] ThirdParty:1030 - CMSIS Pack Vendor :STMicroelectronics X-CUBE-AZRTOS-WB 2.0.0
2025-04-24 02:45:54,102 [INFO] ThirdParty:1030 - CMSIS Pack Vendor :STMicroelectronics X-CUBE-GNSS1 7.0.1
2025-04-24 02:45:54,103 [INFO] ThirdParty:1030 - CMSIS Pack Vendor :STMicroelectronics X-CUBE-TOUCHGFX 4.25.0
2025-04-24 02:45:54,103 [INFO] ThirdParty:1030 - CMSIS Pack Vendor :STMicroelectronics X-CUBE-AZRTOS-F7 1.1.0
2025-04-24 02:45:54,104 [INFO] ThirdParty:1030 - CMSIS Pack Vendor :STMicroelectronics X-CUBE-AZRTOS-L5 2.0.0
2025-04-24 02:45:54,104 [INFO] ThirdParty:1030 - CMSIS Pack Vendor :STMicroelectronics X-CUBE-NFC6 3.1.0
2025-04-24 02:45:54,105 [INFO] ThirdParty:1030 - CMSIS Pack Vendor :STMicroelectronics FP-SNS-STBOX1 2.0.0
2025-04-24 02:45:54,106 [INFO] ThirdParty:1030 - CMSIS Pack Vendor :STMicroelectronics X-CUBE-MEMS1 11.2.0
2025-04-24 02:45:54,106 [INFO] ThirdParty:1030 - CMSIS Pack Vendor :STMicroelectronics X-CUBE-AZRTOS-G0 1.1.0
2025-04-24 02:45:54,107 [INFO] ThirdParty:1030 - CMSIS Pack Vendor :STMicroelectronics X-CUBE-NFC4 3.0.0
2025-04-24 02:45:54,108 [INFO] ThirdParty:1030 - CMSIS Pack Vendor :STMicroelectronics X-CUBE-SAFEA1 1.2.2
2025-04-24 02:45:54,108 [INFO] ThirdParty:1030 - CMSIS Pack Vendor :STMicroelectronics X-CUBE-SUBG2 5.0.0
2025-04-24 02:45:54,109 [INFO] ThirdParty:1030 - CMSIS Pack Vendor :STMicroelectronics X-CUBE-AZRTOS-H7RS 1.1.0
2025-04-24 02:45:54,110 [INFO] ThirdParty:1030 - CMSIS Pack Vendor :EmbeddedOffice I-CUBE-FS-RTOS 1.0.1
2025-04-24 02:45:54,111 [INFO] ThirdParty:1030 - CMSIS Pack Vendor :Cesanta I-CUBE-Mongoose 7.13.0
2025-04-24 02:45:54,111 [INFO] ThirdParty:1030 - CMSIS Pack Vendor :Infineon AIROC-Wi-Fi-Bluetooth-STM32 1.7.0
2025-04-24 02:45:54,112 [INFO] ThirdParty:1030 - CMSIS Pack Vendor :STMicroelectronics X-CUBE-AZRTOS-G4 2.0.0
2025-04-24 02:45:54,113 [INFO] ThirdParty:1030 - CMSIS Pack Vendor :STMicroelectronics X-CUBE-WB05N 2.0.0
2025-04-24 02:45:54,113 [INFO] ThirdParty:1030 - CMSIS Pack Vendor :wolfSSL I-CUBE-wolfTPM 3.8.0
2025-04-24 02:45:54,114 [INFO] ThirdParty:1030 - CMSIS Pack Vendor :STMicroelectronics X-CUBE-DISPLAY 3.0.0
2025-04-24 02:45:54,115 [INFO] ThirdParty:1030 - CMSIS Pack Vendor :wolfSSL I-CUBE-wolfSSH 1.4.20
2025-04-24 02:45:54,115 [INFO] ThirdParty:1030 - CMSIS Pack Vendor :RealThread X-CUBE-RT-Thread_Nano 4.1.1
2025-04-24 02:45:54,116 [INFO] ThirdParty:1030 - CMSIS Pack Vendor :STMicroelectronics FP-ATR-SIGFOX1 3.2.0
2025-04-24 02:45:54,116 [INFO] ThirdParty:1030 - CMSIS Pack Vendor :STMicroelectronics X-CUBE-NFC10 1.0.0
2025-04-24 02:45:54,117 [INFO] ThirdParty:1030 - CMSIS Pack Vendor :STMicroelectronics X-CUBE-BLEMGR 4.0.0
2025-04-24 02:45:54,118 [INFO] ThirdParty:1030 - CMSIS Pack Vendor :STMicroelectronics X-CUBE-EEPRMA1 5.1.0
2025-04-24 02:45:54,118 [INFO] ThirdParty:1030 - CMSIS Pack Vendor :STMicroelectronics X-CUBE-ALS 1.0.2
2025-04-24 02:45:54,119 [INFO] ThirdParty:1030 - CMSIS Pack Vendor :STMicroelectronics X-CUBE-FREERTOS 1.3.0
2025-04-24 02:45:54,119 [INFO] ThirdParty:1030 - CMSIS Pack Vendor :emotas I-CUBE-CANOPEN 1.3.0
2025-04-24 02:45:54,120 [INFO] ThirdParty:1030 - CMSIS Pack Vendor :STMicroelectronics X-CUBE-NFC7 1.0.1
2025-04-24 02:45:54,121 [INFO] ThirdParty:1030 - CMSIS Pack Vendor :wolfSSL I-CUBE-wolfSSL 5.7.6
2025-04-24 02:45:54,121 [INFO] ThirdParty:1030 - CMSIS Pack Vendor :ITTIA_DB I-CUBE-ITTIADB 8.9.0
2025-04-24 02:45:54,122 [INFO] ThirdParty:1030 - CMSIS Pack Vendor :portGmbH I-Cube-SoM-uGOAL 1.1.0
2025-04-24 02:45:54,122 [INFO] ThirdParty:1030 - CMSIS Pack Vendor :STMicroelectronics X-CUBE-AI 10.0.0
2025-04-24 02:45:54,123 [INFO] ThirdParty:1030 - CMSIS Pack Vendor :quantropi X-CUBE-qispace-sdk-base 2.0.0
2025-04-24 02:45:54,123 [INFO] ThirdParty:1030 - CMSIS Pack Vendor :STMicroelectronics FP-SNS-SMARTAG2 1.2.0
2025-04-24 02:45:54,124 [INFO] ThirdParty:1030 - CMSIS Pack Vendor :STMicroelectronics X-CUBE-AZRTOS-WL 2.0.0
2025-04-24 02:45:54,125 [INFO] ThirdParty:1030 - CMSIS Pack Vendor :SEGGER I-CUBE-embOS 1.3.1
2025-04-24 02:45:54,125 [INFO] ThirdParty:1030 - CMSIS Pack Vendor :STMicroelectronics X-CUBE-DPower 1.3.0
2025-04-24 02:45:54,126 [INFO] ThirdParty:1030 - CMSIS Pack Vendor :STMicroelectronics X-CUBE-ALGOBUILD 1.4.0
2025-04-24 02:45:54,126 [INFO] ThirdParty:1030 - CMSIS Pack Vendor :STMicroelectronics FP-SNS-MOTENV1 5.0.0
2025-04-24 02:45:54,127 [INFO] ThirdParty:1030 - CMSIS Pack Vendor :STMicroelectronics X-CUBE-AZRTOS-L4 2.0.0
2025-04-24 02:45:54,128 [INFO] ThirdParty:1030 - CMSIS Pack Vendor :WES I-CUBE-Cesium 1.3.0
2025-04-24 02:45:54,128 [INFO] ThirdParty:1030 - CMSIS Pack Vendor :STMicroelectronics X-CUBE-SFXS2LP1 4.0.0
2025-04-24 02:45:54,129 [INFO] ThirdParty:1030 - CMSIS Pack Vendor :STMicroelectronics X-CUBE-BLE2 3.3.0
2025-04-24 02:45:54,131 [INFO] LoadServerUpdatesThread:375 - End of LoadServerUpdate Thread
2025-04-24 02:49:44,257 [ERROR] LogOutputStream:75 - [STDERR_REDIRECT] 
2025-04-24 02:50:20,783 [INFO] Activator:176 - 


2025-04-24 02:50:20,786 [INFO] Activator:177 - !SESSION log4j initialized
2025-04-24 02:50:23,094 [INFO] LogOutputStream:77 - [STDOUT_REDIRECT] 
2025-04-24 02:50:25,229 [INFO] ApplicationProperties:184 - Using Application install path: C:\ST\STM32CubeIDE_1.16.1\STM32CubeIDE\plugins\com.st.stm32cube.common.mx_6.12.1.202409122256
2025-04-24 02:50:25,249 [INFO] DbMcusXml:78 - Set database path to: C:\ST\STM32CubeIDE_1.16.1\STM32CubeIDE\plugins\com.st.stm32cube.common.mx_6.12.1.202409122256\\db\/mcu/
2025-04-24 02:50:25,256 [INFO] ApiDb:274 - Set plugin database path to: C:\ST\STM32CubeIDE_1.16.1\STM32CubeIDE\plugins\com.st.stm32cube.common.mx_6.12.1.202409122256\\db\/plugins/boardmanager/
2025-04-24 02:50:25,257 [WARN] ApiDb:259 - Overriding images path with different value:  => C:\ST\STM32CubeIDE_1.16.1\STM32CubeIDE\plugins\com.st.stm32cube.common.mx_6.12.1.202409122256\\db\/plugins/mcufinder/images/
2025-04-24 02:50:25,263 [INFO] ApiDb:250 - Set database path to: C:\Users\23709405\.stmcufinder\plugins\mcufinder//mcu/
2025-04-24 02:50:25,266 [INFO] DbMcusAds:125 - Set database path to: C:\Users\23709405\.stmcufinder\plugins\mcufinder//mcu/
2025-04-24 02:50:25,269 [INFO] CrossReferenceDbSqlite:203 - Set database path to: C:\Users\23709405\.stmcufinder\plugins\mcufinder//mcu/cs/
2025-04-24 02:50:25,384 [INFO] RulesReader:64 - Compatibility file has been processed (297 Rules)
2025-04-24 02:50:25,455 [INFO] DbMcusXml:78 - Set database path to: C:\ST\STM32CubeIDE_1.16.1\STM32CubeIDE\plugins\com.st.stm32cube.common.mx_6.12.1.202409122256\\db\/mcu/
2025-04-24 02:50:25,456 [INFO] ApiDb:274 - Set plugin database path to: C:\ST\STM32CubeIDE_1.16.1\STM32CubeIDE\plugins\com.st.stm32cube.common.mx_6.12.1.202409122256\\db\/plugins/boardmanager/
2025-04-24 02:50:25,457 [INFO] ApiDb:261 - Set plugin images path to: C:\ST\STM32CubeIDE_1.16.1\STM32CubeIDE\plugins\com.st.stm32cube.common.mx_6.12.1.202409122256\\db\/plugins/mcufinder/images/
2025-04-24 02:50:25,458 [WARN] DbFile:41 - Overriding database path with different value: C:\Users\23709405\.stmcufinder\plugins\mcufinder/ => C:\Users\23709405\.stmcufinder\plugins\mcufinder
2025-04-24 02:50:25,459 [INFO] ApiDb:250 - Set database path to: C:\Users\23709405\.stmcufinder\plugins\mcufinder//mcu/
2025-04-24 02:50:25,460 [WARN] DbFile:41 - Overriding database path with different value: C:\Users\23709405\.stmcufinder\plugins\mcufinder/ => C:\Users\23709405\.stmcufinder\plugins\mcufinder
2025-04-24 02:50:25,460 [INFO] DbMcusAds:125 - Set database path to: C:\Users\23709405\.stmcufinder\plugins\mcufinder//mcu/
2025-04-24 02:50:25,461 [WARN] DbFile:41 - Overriding database path with different value: C:\Users\23709405\.stmcufinder\plugins\mcufinder/ => C:\Users\23709405\.stmcufinder\plugins\mcufinder
2025-04-24 02:50:25,461 [WARN] DbFile:41 - Overriding database path with different value: C:\Users\23709405\.stmcufinder\plugins\mcufinder/ => C:\Users\23709405\.stmcufinder\plugins\mcufinder
2025-04-24 02:50:25,462 [INFO] CrossReferenceDbSqlite:203 - Set database path to: C:\Users\23709405\.stmcufinder\plugins\mcufinder//mcu/cs/
2025-04-24 02:50:25,535 [INFO] MainPanel:268 - HeapMemory: 268435456
2025-04-24 02:50:25,613 [INFO] DbMcusXml:78 - Set database path to: C:\ST\STM32CubeIDE_1.16.1\STM32CubeIDE\plugins\com.st.stm32cube.common.mx_6.12.1.202409122256\\db\/mcu/
2025-04-24 02:50:25,614 [INFO] ApiDb:274 - Set plugin database path to: C:\ST\STM32CubeIDE_1.16.1\STM32CubeIDE\plugins\com.st.stm32cube.common.mx_6.12.1.202409122256\\db\/plugins/boardmanager/
2025-04-24 02:50:25,615 [INFO] ApiDb:261 - Set plugin images path to: C:\ST\STM32CubeIDE_1.16.1\STM32CubeIDE\plugins\com.st.stm32cube.common.mx_6.12.1.202409122256\\db\/plugins/mcufinder/images/
2025-04-24 02:50:25,616 [WARN] DbFile:41 - Overriding database path with different value: C:\Users\23709405\.stmcufinder\plugins\mcufinder/ => C:\Users\23709405\.stmcufinder\plugins\mcufinder
2025-04-24 02:50:25,617 [INFO] ApiDb:250 - Set database path to: C:\Users\23709405\.stmcufinder\plugins\mcufinder//mcu/
2025-04-24 02:50:25,617 [WARN] DbFile:41 - Overriding database path with different value: C:\Users\23709405\.stmcufinder\plugins\mcufinder/ => C:\Users\23709405\.stmcufinder\plugins\mcufinder
2025-04-24 02:50:25,618 [INFO] DbMcusAds:125 - Set database path to: C:\Users\23709405\.stmcufinder\plugins\mcufinder//mcu/
2025-04-24 02:50:25,619 [WARN] DbFile:41 - Overriding database path with different value: C:\Users\23709405\.stmcufinder\plugins\mcufinder/ => C:\Users\23709405\.stmcufinder\plugins\mcufinder
2025-04-24 02:50:25,619 [WARN] DbFile:41 - Overriding database path with different value: C:\Users\23709405\.stmcufinder\plugins\mcufinder/ => C:\Users\23709405\.stmcufinder\plugins\mcufinder
2025-04-24 02:50:25,620 [INFO] CrossReferenceDbSqlite:203 - Set database path to: C:\Users\23709405\.stmcufinder\plugins\mcufinder//mcu/cs/
2025-04-24 02:50:25,637 [INFO] ApplicationProperties:184 - Using Application install path: C:\ST\STM32CubeIDE_1.16.1\STM32CubeIDE\plugins\com.st.stm32cube.common.mx_6.12.1.202409122256
2025-04-24 02:50:25,639 [INFO] PluginManage:196 - Search for loadable plugins [exclusion list=, ]
2025-04-24 02:50:25,640 [INFO] PluginManage:310 - Check plugin analytics
2025-04-24 02:50:25,840 [INFO] AnalyticsPlugin:253 - Accepted Software Licenses: 
2025-04-24 02:50:25,841 [INFO] AnalyticsPlugin:255 - Accepted CMSIS Pack Licenses: 
2025-04-24 02:50:25,842 [INFO] AnalyticsPlugin:257 - Accepted Firmware Licenses: 
2025-04-24 02:50:25,846 [INFO] PluginManage:359 - Loaded plugin analytics (category:tool,tabindex:-1)
2025-04-24 02:50:25,846 [INFO] PluginManage:310 - Check plugin cadmodel
2025-04-24 02:50:25,852 [INFO] CADModel:105 - Init CAD model plugin
2025-04-24 02:50:25,853 [INFO] PluginManage:359 - Loaded plugin cadmodel (category:power,tabindex:5)
2025-04-24 02:50:25,854 [INFO] PluginManage:310 - Check plugin clock
2025-04-24 02:50:25,861 [INFO] PluginManage:359 - Loaded plugin clock (category:base,tabindex:2)
2025-04-24 02:50:25,862 [INFO] PluginManage:310 - Check plugin ddr
2025-04-24 02:50:25,864 [INFO] PluginManage:359 - Loaded plugin ddr (category:tool,tabindex:6)
2025-04-24 02:50:25,865 [INFO] PluginManage:310 - Check plugin filemanager
2025-04-24 02:50:26,008 [INFO] PluginManage:359 - Loaded plugin filemanager (category:base,tabindex:10)
2025-04-24 02:50:26,009 [INFO] PluginManage:310 - Check plugin ipmanager
2025-04-24 02:50:26,017 [INFO] PluginManage:359 - Loaded plugin ipmanager (category:base,tabindex:5)
2025-04-24 02:50:26,018 [INFO] PluginManage:310 - Check plugin lpbam
2025-04-24 02:50:26,025 [INFO] PluginManage:359 - Loaded plugin lpbam (category:base,tabindex:0)
2025-04-24 02:50:26,026 [INFO] PluginManage:310 - Check plugin memorymap
2025-04-24 02:50:26,037 [INFO] PluginManage:359 - Loaded plugin memorymap (category:base,tabindex:4)
2025-04-24 02:50:26,037 [INFO] PluginManage:310 - Check plugin pinoutandconfiguration
2025-04-24 02:50:26,044 [INFO] PluginManage:359 - Loaded plugin pinoutandconfiguration (category:base,tabindex:1)
2025-04-24 02:50:26,045 [INFO] PluginManage:310 - Check plugin pinoutconfig
2025-04-24 02:50:26,133 [WARN] SupportedApi:132 - Cannot load RTOS API schema: s4s-elt-must-match.1: The content of 'definitions' must match (annotation?, (simpleType | complexType)?, (unique | key | keyref)*)). A problem was found starting at: attribute.
2025-04-24 02:50:26,262 [INFO] PluginManage:359 - Loaded plugin pinoutconfig (category:base,tabindex:0)
2025-04-24 02:50:26,263 [INFO] PluginManage:310 - Check plugin power
2025-04-24 02:50:26,272 [INFO] PluginManage:359 - Loaded plugin power (category:power,tabindex:4)
2025-04-24 02:50:26,273 [INFO] PluginManage:310 - Check plugin projectmanager
2025-04-24 02:50:26,290 [INFO] PluginManage:359 - Loaded plugin projectmanager (category:projectmanager,tabindex:4)
2025-04-24 02:50:26,291 [INFO] PluginManage:310 - Check plugin rif
2025-04-24 02:50:26,297 [INFO] PluginManage:359 - Loaded plugin rif (category:base,tabindex:3)
2025-04-24 02:50:26,298 [INFO] PluginManage:310 - Check plugin thirdparty
2025-04-24 02:50:26,475 [WARN] IntegrityCheckThread:84 - waiting for thirdparty lock release [integrity check]
2025-04-24 02:50:26,475 [INFO] PluginManage:359 - Loaded plugin thirdparty (category:base,tabindex:-1)
2025-04-24 02:50:26,476 [INFO] IntegrityCheckThread:86 - entering critical section [integrity check]
2025-04-24 02:50:26,477 [INFO] PluginManage:310 - Check plugin tools
2025-04-24 02:50:26,477 [INFO] ThirdPartyUpdaterWithRetryManager:70 - Updater plugin not ready yet. [1/15]
2025-04-24 02:50:26,480 [INFO] PluginManage:359 - Loaded plugin tools (category:base,tabindex:7)
2025-04-24 02:50:26,480 [INFO] PluginManage:310 - Check plugin tutovideos
2025-04-24 02:50:26,629 [INFO] PluginManage:359 - Loaded plugin tutovideos (category:base,tabindex:-1)
2025-04-24 02:50:26,630 [INFO] PluginManage:310 - Check plugin updater
2025-04-24 02:50:26,646 [INFO] PluginManage:359 - Loaded plugin updater (category:base,tabindex:12)
2025-04-24 02:50:26,647 [INFO] PluginManage:310 - Check plugin userauth
2025-04-24 02:50:26,654 [INFO] UserAuth:113 - Init User Auth plugin
2025-04-24 02:50:26,655 [INFO] PluginManage:359 - Loaded plugin userauth (category:base,tabindex:14)
2025-04-24 02:50:26,656 [INFO] PluginManage:283 - PluginManage : Loaded plugins [18]
2025-04-24 02:50:26,845 [INFO] PinOutPanel:1561 - setPackage(No Configuration,No Configuration)
2025-04-24 02:50:26,929 [INFO] CADModel:165 - CPN selected for project level
2025-04-24 02:50:26,930 [INFO] CADModel:114 - Register for checkConnection events
2025-04-24 02:50:26,944 [INFO] IPUIPlugin:80 - create IPUIPlugin
2025-04-24 02:50:26,945 [INFO] PluginManager:220 - loadIPPluginJar : add adc
2025-04-24 02:50:26,948 [INFO] IPUIPlugin:80 - create IPUIPlugin
2025-04-24 02:50:26,948 [INFO] PluginManager:220 - loadIPPluginJar : add aes
2025-04-24 02:50:26,951 [INFO] IPUIPlugin:80 - create IPUIPlugin
2025-04-24 02:50:26,952 [INFO] PluginManager:220 - loadIPPluginJar : add can
2025-04-24 02:50:26,954 [INFO] IPUIPlugin:80 - create IPUIPlugin
2025-04-24 02:50:26,955 [INFO] PluginManager:220 - loadIPPluginJar : add comp
2025-04-24 02:50:26,957 [INFO] IPUIPlugin:80 - create IPUIPlugin
2025-04-24 02:50:26,958 [INFO] PluginManager:220 - loadIPPluginJar : add cryp
2025-04-24 02:50:26,960 [INFO] IPUIPlugin:80 - create IPUIPlugin
2025-04-24 02:50:26,961 [INFO] PluginManager:220 - loadIPPluginJar : add ddr_ctrl_phy
2025-04-24 02:50:26,963 [INFO] IPUIPlugin:80 - create IPUIPlugin
2025-04-24 02:50:26,964 [INFO] PluginManager:220 - loadIPPluginJar : add dfsdm
2025-04-24 02:50:26,969 [INFO] IPUIPlugin:80 - create IPUIPlugin
2025-04-24 02:50:26,969 [INFO] PluginManager:220 - loadIPPluginJar : add dma
2025-04-24 02:50:26,972 [INFO] IPUIPlugin:80 - create IPUIPlugin
2025-04-24 02:50:26,973 [INFO] PluginManager:220 - loadIPPluginJar : add dma3
2025-04-24 02:50:26,975 [INFO] IPUIPlugin:80 - create IPUIPlugin
2025-04-24 02:50:26,976 [INFO] PluginManager:220 - loadIPPluginJar : add extmemmanager
2025-04-24 02:50:26,978 [INFO] IPUIPlugin:80 - create IPUIPlugin
2025-04-24 02:50:26,979 [INFO] PluginManager:220 - loadIPPluginJar : add fatfs
2025-04-24 02:50:26,982 [INFO] IPUIPlugin:80 - create IPUIPlugin
2025-04-24 02:50:26,982 [INFO] PluginManager:220 - loadIPPluginJar : add fmc
2025-04-24 02:50:26,987 [INFO] IPUIPlugin:80 - create IPUIPlugin
2025-04-24 02:50:26,988 [INFO] PluginManager:220 - loadIPPluginJar : add freertos
2025-04-24 02:50:26,989 [INFO] IPUIPlugin:80 - create IPUIPlugin
2025-04-24 02:50:26,991 [INFO] PluginManager:220 - loadIPPluginJar : add genericplugin
2025-04-24 02:50:26,993 [INFO] IPUIPlugin:80 - create IPUIPlugin
2025-04-24 02:50:26,993 [INFO] PluginManager:220 - loadIPPluginJar : add gfxmmu
2025-04-24 02:50:26,997 [INFO] IPUIPlugin:80 - create IPUIPlugin
2025-04-24 02:50:26,998 [INFO] PluginManager:220 - loadIPPluginJar : add gic
2025-04-24 02:50:27,001 [INFO] IPUIPlugin:80 - create IPUIPlugin
2025-04-24 02:50:27,002 [INFO] PluginManager:220 - loadIPPluginJar : add gpio
2025-04-24 02:50:27,006 [INFO] IPUIPlugin:80 - create IPUIPlugin
2025-04-24 02:50:27,007 [INFO] PluginManager:220 - loadIPPluginJar : add gtzc
2025-04-24 02:50:27,009 [INFO] IPUIPlugin:80 - create IPUIPlugin
2025-04-24 02:50:27,010 [INFO] PluginManager:220 - loadIPPluginJar : add hash
2025-04-24 02:50:27,012 [INFO] IPUIPlugin:80 - create IPUIPlugin
2025-04-24 02:50:27,013 [INFO] PluginManager:220 - loadIPPluginJar : add i2c
2025-04-24 02:50:27,016 [INFO] IPUIPlugin:80 - create IPUIPlugin
2025-04-24 02:50:27,016 [INFO] PluginManager:220 - loadIPPluginJar : add i2s
2025-04-24 02:50:27,019 [INFO] IPUIPlugin:80 - create IPUIPlugin
2025-04-24 02:50:27,020 [INFO] PluginManager:220 - loadIPPluginJar : add i3c
2025-04-24 02:50:27,023 [INFO] IPUIPlugin:80 - create IPUIPlugin
2025-04-24 02:50:27,024 [INFO] PluginManager:220 - loadIPPluginJar : add ipddr
2025-04-24 02:50:27,029 [INFO] IPUIPlugin:80 - create IPUIPlugin
2025-04-24 02:50:27,031 [INFO] PluginManager:220 - loadIPPluginJar : add linkedlist
2025-04-24 02:50:27,033 [INFO] IPUIPlugin:80 - create IPUIPlugin
2025-04-24 02:50:27,034 [INFO] PluginManager:220 - loadIPPluginJar : add lorawan
2025-04-24 02:50:27,036 [INFO] IPUIPlugin:80 - create IPUIPlugin
2025-04-24 02:50:27,037 [INFO] PluginManager:220 - loadIPPluginJar : add ltdc
2025-04-24 02:50:27,042 [INFO] IPUIPlugin:80 - create IPUIPlugin
2025-04-24 02:50:27,043 [INFO] PluginManager:220 - loadIPPluginJar : add mdma
2025-04-24 02:50:27,047 [INFO] IPUIPlugin:80 - create IPUIPlugin
2025-04-24 02:50:27,049 [INFO] PluginManager:220 - loadIPPluginJar : add nvic
2025-04-24 02:50:27,052 [INFO] IPUIPlugin:80 - create IPUIPlugin
2025-04-24 02:50:27,053 [INFO] PluginManager:220 - loadIPPluginJar : add opamp
2025-04-24 02:50:27,056 [INFO] IPUIPlugin:80 - create IPUIPlugin
2025-04-24 02:50:27,057 [INFO] PluginManager:220 - loadIPPluginJar : add openamp
2025-04-24 02:50:27,061 [INFO] IPUIPlugin:80 - create IPUIPlugin
2025-04-24 02:50:27,062 [INFO] PluginManager:220 - loadIPPluginJar : add pdm2pcm
2025-04-24 02:50:27,067 [INFO] IPUIPlugin:80 - create IPUIPlugin
2025-04-24 02:50:27,070 [INFO] PluginManager:220 - loadIPPluginJar : add plateformsettings
2025-04-24 02:50:27,072 [INFO] IPUIPlugin:80 - create IPUIPlugin
2025-04-24 02:50:27,073 [INFO] PluginManager:220 - loadIPPluginJar : add quadspi
2025-04-24 02:50:27,075 [INFO] IPUIPlugin:80 - create IPUIPlugin
2025-04-24 02:50:27,077 [INFO] PluginManager:220 - loadIPPluginJar : add radio
2025-04-24 02:50:27,080 [INFO] IPUIPlugin:80 - create IPUIPlugin
2025-04-24 02:50:27,081 [INFO] PluginManager:220 - loadIPPluginJar : add resmgrutility
2025-04-24 02:50:27,084 [INFO] IPUIPlugin:80 - create IPUIPlugin
2025-04-24 02:50:27,085 [INFO] PluginManager:220 - loadIPPluginJar : add sai
2025-04-24 02:50:27,087 [INFO] IPUIPlugin:80 - create IPUIPlugin
2025-04-24 02:50:27,087 [INFO] PluginManager:220 - loadIPPluginJar : add spi
2025-04-24 02:50:27,092 [INFO] IPUIPlugin:80 - create IPUIPlugin
2025-04-24 02:50:27,093 [INFO] PluginManager:220 - loadIPPluginJar : add stm32_wpan
2025-04-24 02:50:27,095 [INFO] IPUIPlugin:80 - create IPUIPlugin
2025-04-24 02:50:27,096 [INFO] PluginManager:220 - loadIPPluginJar : add tim
2025-04-24 02:50:27,099 [INFO] IPUIPlugin:80 - create IPUIPlugin
2025-04-24 02:50:27,100 [INFO] PluginManager:220 - loadIPPluginJar : add touchsensing
2025-04-24 02:50:27,102 [INFO] IPUIPlugin:80 - create IPUIPlugin
2025-04-24 02:50:27,103 [INFO] PluginManager:220 - loadIPPluginJar : add tracer_emb
2025-04-24 02:50:27,107 [INFO] IPUIPlugin:80 - create IPUIPlugin
2025-04-24 02:50:27,108 [INFO] PluginManager:220 - loadIPPluginJar : add ts
2025-04-24 02:50:27,110 [INFO] IPUIPlugin:80 - create IPUIPlugin
2025-04-24 02:50:27,110 [INFO] PluginManager:220 - loadIPPluginJar : add tsc
2025-04-24 02:50:27,113 [INFO] IPUIPlugin:80 - create IPUIPlugin
2025-04-24 02:50:27,114 [INFO] PluginManager:220 - loadIPPluginJar : add ucpd
2025-04-24 02:50:27,116 [INFO] IPUIPlugin:80 - create IPUIPlugin
2025-04-24 02:50:27,117 [INFO] PluginManager:220 - loadIPPluginJar : add usart
2025-04-24 02:50:27,120 [INFO] IPUIPlugin:80 - create IPUIPlugin
2025-04-24 02:50:27,120 [INFO] PluginManager:220 - loadIPPluginJar : add usbx
2025-04-24 02:50:27,269 [INFO] CADModel:165 - CPN selected for project level
2025-04-24 02:50:27,270 [INFO] CADModel:114 - Register for checkConnection events
2025-04-24 02:50:27,271 [FATAL] Updater:334 - Updater called before beeing initialized
2025-04-24 02:50:27,271 [ERROR] CADModel:125 - Updater not yet initialized, retry later 
2025-04-24 02:50:27,399 [INFO] CADModel:165 - CPN selected for project level
2025-04-24 02:50:27,400 [INFO] CADModel:114 - Register for checkConnection events
2025-04-24 02:50:27,400 [FATAL] Updater:334 - Updater called before beeing initialized
2025-04-24 02:50:27,401 [ERROR] CADModel:125 - Updater not yet initialized, retry later 
2025-04-24 02:50:27,406 [FATAL] Updater:334 - Updater called before beeing initialized
2025-04-24 02:50:27,523 [FATAL] Updater:334 - Updater called before beeing initialized
2025-04-24 02:50:27,529 [INFO] DbMcusAds:53 - JSON generation date=Thu Sep 30 08:55:09 SAST 2021 (1632984909247)
2025-04-24 02:50:27,530 [FATAL] Updater:334 - Updater called before beeing initialized
2025-04-24 02:50:27,561 [WARN] DetailPanel:346 - Failed to get advertising image, set to default
2025-04-24 02:50:27,643 [FATAL] Updater:334 - Updater called before beeing initialized
2025-04-24 02:50:27,646 [FATAL] Updater:334 - Updater called before beeing initialized
2025-04-24 02:50:27,647 [FATAL] Updater:334 - Updater called before beeing initialized
2025-04-24 02:50:27,648 [WARN] DetailPanel:346 - Failed to get advertising image, set to default
2025-04-24 02:50:27,649 [FATAL] Updater:334 - Updater called before beeing initialized
2025-04-24 02:50:27,709 [ERROR] Updater:1164 - MainUpdater not yet initialized. External WinMGr cannot be set.
2025-04-24 02:50:27,721 [INFO] Updater:1100 - Updater Version found : 6.12.1
2025-04-24 02:50:27,741 [INFO] ApplicationProperties:184 - Using Application install path: C:\ST\STM32CubeIDE_1.16.1\STM32CubeIDE\plugins\com.st.stm32cube.common.mx_6.12.1.202409122256
2025-04-24 02:50:29,309 [ERROR] LogOutputStream:75 - [STDERR_REDIRECT] Apr 24, 2025 2:50:29 AM java.util.prefs.WindowsPreferences <init>
2025-04-24 02:50:29,312 [ERROR] LogOutputStream:75 - [STDERR_REDIRECT] WARNING: Could not open/create prefs root node Software\JavaSoft\Prefs at root 0xffffffff80000002. Windows RegCreateKeyEx(...) returned error code 5.
2025-04-24 02:50:29,314 [ERROR] LogOutputStream:75 - [STDERR_REDIRECT] 
2025-04-24 02:50:29,473 [INFO] ThirdPartyUpdaterWithRetryManager:70 - Updater plugin not ready yet. [2/15]
2025-04-24 02:50:29,625 [INFO] MainUpdater:2873 - connection check result : 10
2025-04-24 02:50:29,627 [INFO] MainUpdater:290 - Updater Check For Update Now.
2025-04-24 02:50:29,628 [INFO] MicroXplorer:498 - Change Database Version : DB.6.0.121
2025-04-24 02:50:29,649 [INFO] McuFinderGlobals:63 - Set McuFinder mode to 2 (CubeIDE integrated)
2025-04-24 02:50:29,650 [INFO] UserAuth:179 - activating auth plugin
2025-04-24 02:50:29,653 [INFO] UserAuth:417 - Internet connection configuration mode: 1
2025-04-24 02:50:29,669 [INFO] JxBrowserEngine:152 - Initiate JxBrowser Engine with user profile folder
2025-04-24 02:50:29,883 [INFO] CheckServerUpdateThread:120 - End of CheckServer Thread
2025-04-24 02:50:30,563 [INFO] WebApp:167 - Instantiating new browser for Auth
2025-04-24 02:50:31,338 [INFO] WebApp:448 - Apply proxy settings
2025-04-24 02:50:31,339 [INFO] WebApp:533 - Chromium requires no authentication
2025-04-24 02:50:31,347 [INFO] WebApp:476 - Direct internet connection detected
2025-04-24 02:50:31,373 [INFO] WebApp:869 - Register for checkConnection events
2025-04-24 02:50:31,374 [INFO] WebApp:448 - Apply proxy settings
2025-04-24 02:50:31,375 [INFO] WebApp:533 - Chromium requires no authentication
2025-04-24 02:50:31,376 [INFO] WebApp:476 - Direct internet connection detected
2025-04-24 02:50:31,555 [INFO] WebApp:220 - Starting web application
2025-04-24 02:50:31,556 [INFO] WebApp:578 - Web application path used C:\ST\STM32CubeIDE_1.16.1\STM32CubeIDE\plugins\com.st.stm32cube.common.mx_6.12.1.202409122256\db\plugins\mcufinder\reactClient1\index.html
2025-04-24 02:50:32,676 [WARN] PackLoader:240 - Cannot read IP mode file for STMicroelectronics.FP-SNS-MOTENVWB1.1.4.0
2025-04-24 02:50:32,687 [WARN] PackLoader:240 - Cannot read IP mode file for STMicroelectronics.FP-ATR-ASTRA1.2.0.2
2025-04-24 02:50:32,697 [WARN] PackLoader:240 - Cannot read IP mode file for STMicroelectronics.X-CUBE-SMBUS.2.1.0
2025-04-24 02:50:32,725 [WARN] PackLoader:240 - Cannot read IP mode file for STMicroelectronics.X-CUBE-AZRTOS-F7.1.1.0
2025-04-24 02:50:32,761 [WARN] PackLoader:240 - Cannot read IP mode file for Infineon.AIROC-Wi-Fi-Bluetooth-STM32.1.7.0
2025-04-24 02:50:32,776 [WARN] PackLoader:240 - Cannot read IP mode file for STMicroelectronics.X-CUBE-DISPLAY.3.0.0
2025-04-24 02:50:32,788 [WARN] PackLoader:240 - Cannot read IP mode file for STMicroelectronics.X-CUBE-NFC10.1.0.0
2025-04-24 02:50:32,800 [WARN] PackLoader:240 - Cannot read IP mode file for STMicroelectronics.X-CUBE-BLEMGR.4.0.0
2025-04-24 02:50:32,809 [WARN] PackLoader:240 - Cannot read IP mode file for emotas.I-CUBE-CANOPEN.1.3.0
2025-04-24 02:50:32,813 [WARN] ConditionMgr:438 - getConditionDescription Invalid condition id : Cortex-A Device cause : null
2025-04-24 02:50:32,825 [WARN] ConditionMgr:1039 - genDependencies : Invalid condition id : Cortex-A Device cause : null
2025-04-24 02:50:32,826 [WARN] ConditionMgr:1039 - genDependencies : Invalid condition id : Cortex-A Device cause : null
2025-04-24 02:50:32,827 [WARN] ConditionMgr:1039 - genDependencies : Invalid condition id : Cortex-A Device cause : null
2025-04-24 02:50:32,831 [WARN] PackLoader:240 - Cannot read IP mode file for STMicroelectronics.X-CUBE-AI.10.0.0
2025-04-24 02:50:32,836 [WARN] PackLoader:240 - Cannot read IP mode file for STMicroelectronics.FP-SNS-SMARTAG2.1.2.0
2025-04-24 02:50:32,840 [ERROR] Engine:466 - C:\Users\23709405\.stm32cubemx\thirdparties\pdsc\STMicroelectronics.FP-SNS-FLIGHT1.5.1.0.pdsc: PDSC version is not supported
2025-04-24 02:50:32,848 [INFO] LogOutputStream:77 - [STDOUT_REDIRECT] 1 : Invalid condition id : UX_CORESTACK_Condition cause : null
2025-04-24 02:50:32,850 [INFO] LogOutputStream:77 - [STDOUT_REDIRECT] 1 : Invalid condition id : UX_CORESTACK_Condition cause : null
2025-04-24 02:50:32,851 [INFO] LogOutputStream:77 - [STDOUT_REDIRECT] 1 : Invalid condition id : UX_CORESTACK_Condition cause : null
2025-04-24 02:50:32,854 [INFO] LogOutputStream:77 - [STDOUT_REDIRECT] 1 : Invalid condition id : UX_CORESTACK_Condition cause : null
2025-04-24 02:50:32,856 [INFO] LogOutputStream:77 - [STDOUT_REDIRECT] 1 : Invalid condition id : UX_CORESTACK_Condition cause : null
2025-04-24 02:50:32,862 [WARN] PackLoader:240 - Cannot read IP mode file for STMicroelectronics.X-CUBE-AZRTOS-WL.2.0.0
2025-04-24 02:50:32,868 [WARN] PackLoader:240 - Cannot read IP mode file for STMicroelectronics.FP-SNS-MOTENV1.5.0.0
2025-04-24 02:50:32,878 [WARN] PackLoader:240 - Cannot read IP mode file for WES.I-CUBE-Cesium.1.3.0
2025-04-24 02:50:32,884 [WARN] PackLoader:240 - Cannot read IP mode file for STMicroelectronics.X-CUBE-BLE2.3.3.0
2025-04-24 02:50:32,891 [WARN] PackLoader:240 - Cannot read IP mode file for STMicroelectronics.X-CUBE-NFC9.1.0.0
2025-04-24 02:50:32,897 [WARN] PackLoader:240 - Cannot read IP mode file for STMicroelectronics.X-CUBE-BLE1.7.1.0
2025-04-24 02:50:32,903 [WARN] PackLoader:240 - Cannot read IP mode file for wolfSSL.I-CUBE-wolfMQTT.1.19.2
2025-04-24 02:50:32,965 [WARN] PackLoader:240 - Cannot read IP mode file for STMicroelectronics.X-CUBE-MEMS1.11.2.0
2025-04-24 02:50:33,167 [INFO] WebApp:186 - Connection restablished
2025-04-24 02:50:33,238 [WARN] PackLoader:240 - Cannot read IP mode file for STMicroelectronics.X-CUBE-AZRTOS-G0.1.1.0
2025-04-24 02:50:33,247 [WARN] PackLoader:240 - Cannot read IP mode file for STMicroelectronics.X-CUBE-SAFEA1.1.2.2
2025-04-24 02:50:33,254 [WARN] PackLoader:240 - Cannot read IP mode file for STMicroelectronics.X-CUBE-NFC4.3.0.0
2025-04-24 02:50:33,267 [WARN] PackLoader:240 - Cannot read IP mode file for EmbeddedOffice.I-CUBE-FS-RTOS.1.0.1
2025-04-24 02:50:33,268 [ERROR] ConditionMgr:805 - Attr not supported : Dmpu
2025-04-24 02:50:33,269 [ERROR] ConditionMgr:805 - Attr not supported : Dmpu
2025-04-24 02:50:33,270 [ERROR] ConditionMgr:805 - Attr not supported : Dmpu
2025-04-24 02:50:33,271 [ERROR] ConditionMgr:805 - Attr not supported : Dmpu
2025-04-24 02:50:33,272 [ERROR] ConditionMgr:805 - Attr not supported : Dmpu
2025-04-24 02:50:33,273 [ERROR] ConditionMgr:805 - Attr not supported : Dmpu
2025-04-24 02:50:33,274 [ERROR] ConditionMgr:805 - Attr not supported : Dmpu
2025-04-24 02:50:33,275 [ERROR] ConditionMgr:805 - Attr not supported : Dmpu
2025-04-24 02:50:33,275 [ERROR] ConditionMgr:805 - Attr not supported : Dmpu
2025-04-24 02:50:33,276 [ERROR] ConditionMgr:805 - Attr not supported : Dmpu
2025-04-24 02:50:33,277 [ERROR] ConditionMgr:805 - Attr not supported : Dmpu
2025-04-24 02:50:33,278 [ERROR] ConditionMgr:805 - Attr not supported : Dmpu
2025-04-24 02:50:33,279 [ERROR] ConditionMgr:805 - Attr not supported : Dmpu
2025-04-24 02:50:33,280 [ERROR] ConditionMgr:805 - Attr not supported : Dmpu
2025-04-24 02:50:33,281 [ERROR] ConditionMgr:805 - Attr not supported : Dmpu
2025-04-24 02:50:33,282 [ERROR] ConditionMgr:805 - Attr not supported : Dmpu
2025-04-24 02:50:33,283 [ERROR] ConditionMgr:805 - Attr not supported : Dmpu
2025-04-24 02:50:33,284 [ERROR] ConditionMgr:805 - Attr not supported : Dmpu
2025-04-24 02:50:33,284 [ERROR] ConditionMgr:805 - Attr not supported : Dmpu
2025-04-24 02:50:33,285 [ERROR] ConditionMgr:805 - Attr not supported : Dmpu
2025-04-24 02:50:33,286 [ERROR] ConditionMgr:805 - Attr not supported : Dmpu
2025-04-24 02:50:33,287 [ERROR] ConditionMgr:805 - Attr not supported : Dmpu
2025-04-24 02:50:33,287 [ERROR] ConditionMgr:805 - Attr not supported : Dmpu
2025-04-24 02:50:33,288 [ERROR] ConditionMgr:805 - Attr not supported : Dmpu
2025-04-24 02:50:33,289 [ERROR] ConditionMgr:805 - Attr not supported : Dmpu
2025-04-24 02:50:33,289 [ERROR] ConditionMgr:805 - Attr not supported : Dmpu
2025-04-24 02:50:33,290 [ERROR] ConditionMgr:805 - Attr not supported : Dmpu
2025-04-24 02:50:33,291 [ERROR] ConditionMgr:805 - Attr not supported : Dmpu
2025-04-24 02:50:33,291 [ERROR] ConditionMgr:805 - Attr not supported : Dmpu
2025-04-24 02:50:33,292 [ERROR] ConditionMgr:805 - Attr not supported : Dmpu
2025-04-24 02:50:33,292 [ERROR] ConditionMgr:805 - Attr not supported : Dmpu
2025-04-24 02:50:33,293 [ERROR] ConditionMgr:805 - Attr not supported : Dmpu
2025-04-24 02:50:33,294 [ERROR] ConditionMgr:805 - Attr not supported : Dmpu
2025-04-24 02:50:33,295 [ERROR] ConditionMgr:805 - Attr not supported : Dmpu
2025-04-24 02:50:33,296 [ERROR] ConditionMgr:805 - Attr not supported : Dmpu
2025-04-24 02:50:33,296 [ERROR] ConditionMgr:805 - Attr not supported : Dmpu
2025-04-24 02:50:33,297 [ERROR] ConditionMgr:805 - Attr not supported : Dmpu
2025-04-24 02:50:33,298 [ERROR] ConditionMgr:805 - Attr not supported : Dmpu
2025-04-24 02:50:33,299 [ERROR] ConditionMgr:805 - Attr not supported : Dmpu
2025-04-24 02:50:33,299 [ERROR] ConditionMgr:805 - Attr not supported : Dmpu
2025-04-24 02:50:33,300 [ERROR] ConditionMgr:805 - Attr not supported : Dmpu
2025-04-24 02:50:33,300 [ERROR] ConditionMgr:805 - Attr not supported : Dmpu
2025-04-24 02:50:33,301 [ERROR] ConditionMgr:805 - Attr not supported : Dmpu
2025-04-24 02:50:33,302 [ERROR] ConditionMgr:805 - Attr not supported : Dmpu
2025-04-24 02:50:33,303 [ERROR] ConditionMgr:805 - Attr not supported : Dmpu
2025-04-24 02:50:33,303 [ERROR] ConditionMgr:805 - Attr not supported : Dmpu
2025-04-24 02:50:33,304 [ERROR] ConditionMgr:805 - Attr not supported : Dmpu
2025-04-24 02:50:33,304 [ERROR] ConditionMgr:805 - Attr not supported : Dmpu
2025-04-24 02:50:33,305 [ERROR] ConditionMgr:805 - Attr not supported : Dmpu
2025-04-24 02:50:33,307 [ERROR] ConditionMgr:805 - Attr not supported : Dmpu
2025-04-24 02:50:33,308 [ERROR] ConditionMgr:805 - Attr not supported : Dmpu
2025-04-24 02:50:33,309 [ERROR] ConditionMgr:805 - Attr not supported : Dmpu
2025-04-24 02:50:33,310 [ERROR] ConditionMgr:805 - Attr not supported : Dmpu
2025-04-24 02:50:33,311 [ERROR] ConditionMgr:805 - Attr not supported : Dmpu
2025-04-24 02:50:33,311 [ERROR] ConditionMgr:805 - Attr not supported : Dmpu
2025-04-24 02:50:33,313 [ERROR] ConditionMgr:805 - Attr not supported : Dmpu
2025-04-24 02:50:33,313 [ERROR] ConditionMgr:805 - Attr not supported : Dmpu
2025-04-24 02:50:33,314 [ERROR] ConditionMgr:805 - Attr not supported : Dmpu
2025-04-24 02:50:33,315 [ERROR] ConditionMgr:805 - Attr not supported : Dmpu
2025-04-24 02:50:33,315 [ERROR] ConditionMgr:805 - Attr not supported : Dmpu
2025-04-24 02:50:33,316 [ERROR] ConditionMgr:805 - Attr not supported : Dmpu
2025-04-24 02:50:33,317 [ERROR] ConditionMgr:805 - Attr not supported : Dmpu
2025-04-24 02:50:33,318 [ERROR] ConditionMgr:805 - Attr not supported : Dmpu
2025-04-24 02:50:33,318 [ERROR] ConditionMgr:805 - Attr not supported : Dmpu
2025-04-24 02:50:33,330 [WARN] PackLoader:240 - Cannot read IP mode file for STMicroelectronics.X-CUBE-WB05N.2.0.0
2025-04-24 02:50:33,336 [WARN] PackLoader:240 - Cannot read IP mode file for wolfSSL.I-CUBE-wolfTPM.3.8.0
2025-04-24 02:50:33,339 [ERROR] Engine:466 - C:\Users\23709405\.stm32cubemx\thirdparties\pdsc\STMicroelectronics.X-CUBE-TCPP.4.2.0.pdsc: PDSC version is not supported
2025-04-24 02:50:33,344 [WARN] PackLoader:240 - Cannot read IP mode file for RealThread.X-CUBE-RT-Thread_Nano.4.1.1
2025-04-24 02:50:33,349 [WARN] PackLoader:240 - Cannot read IP mode file for STMicroelectronics.FP-ATR-SIGFOX1.3.2.0
2025-04-24 02:50:33,356 [WARN] PackLoader:240 - Cannot read IP mode file for STMicroelectronics.X-CUBE-EEPRMA1.5.1.0
2025-04-24 02:50:33,364 [WARN] PackLoader:240 - Cannot read IP mode file for wolfSSL.I-CUBE-wolfSSL.5.7.6
2025-04-24 02:50:33,371 [WARN] PackLoader:240 - Cannot read IP mode file for ITTIA_DB.I-CUBE-ITTIADB.8.9.0
2025-04-24 02:50:33,414 [WARN] PackLoader:240 - Cannot read IP mode file for SEGGER.I-CUBE-embOS.1.3.1
2025-04-24 02:50:33,485 [WARN] PackLoader:240 - Cannot read IP mode file for STMicroelectronics.X-CUBE-ALGOBUILD.1.4.0
2025-04-24 02:50:33,506 [WARN] PackLoader:240 - Cannot read IP mode file for STMicroelectronics.X-CUBE-AZRTOS-F4.1.1.0
2025-04-24 02:50:33,512 [ERROR] Engine:466 - C:\Users\23709405\.stm32cubemx\thirdparties\pdsc\Avnet-IotConnect.X-CUBE-IoTC-DA16k-PMOD.1.0.0.pdsc: PDSC version is not supported
2025-04-24 02:50:33,517 [WARN] PackLoader:240 - Cannot read IP mode file for STMicroelectronics.X-CUBE-ISPU.2.1.0
2025-04-24 02:50:33,536 [WARN] PackLoader:240 - Cannot read IP mode file for STMicroelectronics.X-CUBE-AZRTOS-L5.2.0.0
2025-04-24 02:50:33,545 [WARN] PackLoader:240 - Cannot read IP mode file for STMicroelectronics.X-CUBE-NFC6.3.1.0
2025-04-24 02:50:33,552 [WARN] PackLoader:240 - Cannot read IP mode file for STMicroelectronics.X-CUBE-FREERTOS.1.3.0
2025-04-24 02:50:33,557 [WARN] PackLoader:240 - Cannot read IP mode file for STMicroelectronics.X-CUBE-NFC7.1.0.1
2025-04-24 02:50:33,563 [WARN] PackLoader:240 - Cannot read IP mode file for STMicroelectronics.X-CUBE-DPower.1.3.0
2025-04-24 02:50:33,583 [WARN] ConditionMgr:438 - getConditionDescription Invalid condition id : LAN8742 Phy interface Condition cause : null
2025-04-24 02:50:33,585 [WARN] PackLoader:240 - Cannot read IP mode file for STMicroelectronics.X-CUBE-AZRTOS-L4.2.0.0
2025-04-24 02:50:33,587 [WARN] ConditionMgr:1039 - genDependencies : Invalid condition id : LAN8742 Phy interface Condition cause : null
2025-04-24 02:50:33,588 [WARN] ConditionMgr:1039 - genDependencies : Invalid condition id : LAN8742 Phy interface Condition cause : null
2025-04-24 02:50:33,590 [WARN] ConditionMgr:1039 - genDependencies : Invalid condition id : LAN8742 Phy interface Condition cause : null
2025-04-24 02:50:33,598 [WARN] PackLoader:240 - Cannot read IP mode file for STMicroelectronics.X-CUBE-SFXS2LP1.4.0.0
2025-04-24 02:50:33,622 [WARN] PackLoader:240 - Cannot read IP mode file for STMicroelectronics.X-CUBE-AZRTOS-H7.3.3.0
2025-04-24 02:50:33,641 [WARN] ConditionMgr:438 - getConditionDescription Invalid condition id : UX DEVICE CLASS RTOS Condition cause : null
2025-04-24 02:50:33,642 [WARN] ConditionMgr:438 - getConditionDescription Invalid condition id : UX DEVICE CLASS RTOS Condition cause : null
2025-04-24 02:50:33,645 [WARN] PackLoader:240 - Cannot read IP mode file for STMicroelectronics.X-CUBE-AZRTOS-WB.2.0.0
2025-04-24 02:50:33,646 [WARN] ConditionMgr:1039 - genDependencies : Invalid condition id : UX DEVICE CLASS RTOS Condition cause : null
2025-04-24 02:50:33,647 [WARN] ConditionMgr:1039 - genDependencies : Invalid condition id : UX DEVICE CLASS RTOS Condition cause : null
2025-04-24 02:50:33,648 [WARN] ConditionMgr:1039 - genDependencies : Invalid condition id : UX DEVICE CLASS RTOS Condition cause : null
2025-04-24 02:50:33,649 [WARN] ConditionMgr:1039 - genDependencies : Invalid condition id : UX DEVICE CLASS RTOS Condition cause : null
2025-04-24 02:50:33,650 [WARN] ConditionMgr:1039 - genDependencies : Invalid condition id : UX DEVICE CLASS RTOS Condition cause : null
2025-04-24 02:50:33,658 [WARN] PackLoader:240 - Cannot read IP mode file for STMicroelectronics.X-CUBE-GNSS1.7.0.1
2025-04-24 02:50:33,665 [WARN] PackLoader:240 - Cannot read IP mode file for STMicroelectronics.X-CUBE-TOUCHGFX.4.25.0
2025-04-24 02:50:33,673 [WARN] PackLoader:240 - Cannot read IP mode file for STMicroelectronics.FP-SNS-STBOX1.2.0.0
2025-04-24 02:50:33,690 [WARN] PackLoader:240 - Cannot read IP mode file for STMicroelectronics.X-CUBE-SUBG2.5.0.0
2025-04-24 02:50:33,719 [WARN] PackLoader:240 - Cannot read IP mode file for STMicroelectronics.X-CUBE-AZRTOS-H7RS.1.1.0
2025-04-24 02:50:33,727 [WARN] PackLoader:240 - Cannot read IP mode file for Cesanta.I-CUBE-Mongoose.7.13.0
2025-04-24 02:50:33,744 [WARN] PackLoader:240 - Cannot read IP mode file for STMicroelectronics.X-CUBE-AZRTOS-G4.2.0.0
2025-04-24 02:50:33,751 [WARN] PackLoader:240 - Cannot read IP mode file for wolfSSL.I-CUBE-wolfSSH.1.4.20
2025-04-24 02:50:33,757 [ERROR] Engine:466 - C:\Users\23709405\.stm32cubemx\thirdparties\pdsc\STMicroelectronics.X-CUBE-IPS.3.1.0.pdsc: PDSC version is not supported
2025-04-24 02:50:33,762 [WARN] PackLoader:240 - Cannot read IP mode file for STMicroelectronics.X-CUBE-ALS.1.0.2
2025-04-24 02:50:33,769 [WARN] PackLoader:240 - Cannot read IP mode file for portGmbH.I-Cube-SoM-uGOAL.1.1.0
2025-04-24 02:50:33,775 [ERROR] Engine:466 - C:\Users\23709405\.stm32cubemx\thirdparties\pdsc\STMicroelectronics.X-CUBE-TOF1.3.4.3.pdsc: PDSC version is not supported
2025-04-24 02:50:33,776 [INFO] ThirdParty:978 - Integrity check success = true
2025-04-24 02:50:33,777 [INFO] IntegrityCheckThread:100 - exiting critical section [integrity check]
2025-04-24 02:50:33,778 [INFO] IntegrityCheckThread:103 - End integrity checks thread
2025-04-24 02:55:01,195 [ERROR] LogOutputStream:75 - [STDERR_REDIRECT] 
2025-04-24 02:55:01,198 [ERROR] LogOutputStream:75 - [STDERR_REDIRECT] 
2025-04-24 02:55:08,200 [INFO] Activator:176 - 


2025-04-24 02:55:08,202 [INFO] Activator:177 - !SESSION log4j initialized
2025-04-24 02:55:24,601 [INFO] LogOutputStream:77 - [STDOUT_REDIRECT] 
2025-04-24 02:55:26,341 [INFO] ApplicationProperties:184 - Using Application install path: C:\ST\STM32CubeIDE_1.16.1\STM32CubeIDE\plugins\com.st.stm32cube.common.mx_6.12.1.202409122256
2025-04-24 02:55:26,368 [INFO] DbMcusXml:78 - Set database path to: C:\ST\STM32CubeIDE_1.16.1\STM32CubeIDE\plugins\com.st.stm32cube.common.mx_6.12.1.202409122256\\db\/mcu/
2025-04-24 02:55:26,369 [INFO] ApiDb:274 - Set plugin database path to: C:\ST\STM32CubeIDE_1.16.1\STM32CubeIDE\plugins\com.st.stm32cube.common.mx_6.12.1.202409122256\\db\/plugins/boardmanager/
2025-04-24 02:55:26,370 [WARN] ApiDb:259 - Overriding images path with different value:  => C:\ST\STM32CubeIDE_1.16.1\STM32CubeIDE\plugins\com.st.stm32cube.common.mx_6.12.1.202409122256\\db\/plugins/mcufinder/images/
2025-04-24 02:55:26,379 [INFO] ApiDb:250 - Set database path to: C:\Users\23709405\.stmcufinder\plugins\mcufinder//mcu/
2025-04-24 02:55:26,382 [INFO] DbMcusAds:125 - Set database path to: C:\Users\23709405\.stmcufinder\plugins\mcufinder//mcu/
2025-04-24 02:55:26,387 [INFO] CrossReferenceDbSqlite:203 - Set database path to: C:\Users\23709405\.stmcufinder\plugins\mcufinder//mcu/cs/
2025-04-24 02:55:26,471 [INFO] DbMcusXml:78 - Set database path to: C:\ST\STM32CubeIDE_1.16.1\STM32CubeIDE\plugins\com.st.stm32cube.common.mx_6.12.1.202409122256\\db\/mcu/
2025-04-24 02:55:26,472 [INFO] ApiDb:274 - Set plugin database path to: C:\ST\STM32CubeIDE_1.16.1\STM32CubeIDE\plugins\com.st.stm32cube.common.mx_6.12.1.202409122256\\db\/plugins/boardmanager/
2025-04-24 02:55:26,473 [INFO] ApiDb:261 - Set plugin images path to: C:\ST\STM32CubeIDE_1.16.1\STM32CubeIDE\plugins\com.st.stm32cube.common.mx_6.12.1.202409122256\\db\/plugins/mcufinder/images/
2025-04-24 02:55:26,474 [WARN] DbFile:41 - Overriding database path with different value: C:\Users\23709405\.stmcufinder\plugins\mcufinder/ => C:\Users\23709405\.stmcufinder\plugins\mcufinder
2025-04-24 02:55:26,474 [INFO] ApiDb:250 - Set database path to: C:\Users\23709405\.stmcufinder\plugins\mcufinder//mcu/
2025-04-24 02:55:26,475 [WARN] DbFile:41 - Overriding database path with different value: C:\Users\23709405\.stmcufinder\plugins\mcufinder/ => C:\Users\23709405\.stmcufinder\plugins\mcufinder
2025-04-24 02:55:26,476 [INFO] DbMcusAds:125 - Set database path to: C:\Users\23709405\.stmcufinder\plugins\mcufinder//mcu/
2025-04-24 02:55:26,476 [WARN] DbFile:41 - Overriding database path with different value: C:\Users\23709405\.stmcufinder\plugins\mcufinder/ => C:\Users\23709405\.stmcufinder\plugins\mcufinder
2025-04-24 02:55:26,477 [WARN] DbFile:41 - Overriding database path with different value: C:\Users\23709405\.stmcufinder\plugins\mcufinder/ => C:\Users\23709405\.stmcufinder\plugins\mcufinder
2025-04-24 02:55:26,478 [INFO] CrossReferenceDbSqlite:203 - Set database path to: C:\Users\23709405\.stmcufinder\plugins\mcufinder//mcu/cs/
2025-04-24 02:55:26,558 [INFO] MainPanel:268 - HeapMemory: 268435456
2025-04-24 02:55:26,651 [INFO] DbMcusXml:78 - Set database path to: C:\ST\STM32CubeIDE_1.16.1\STM32CubeIDE\plugins\com.st.stm32cube.common.mx_6.12.1.202409122256\\db\/mcu/
2025-04-24 02:55:26,653 [INFO] ApiDb:274 - Set plugin database path to: C:\ST\STM32CubeIDE_1.16.1\STM32CubeIDE\plugins\com.st.stm32cube.common.mx_6.12.1.202409122256\\db\/plugins/boardmanager/
2025-04-24 02:55:26,653 [INFO] ApiDb:261 - Set plugin images path to: C:\ST\STM32CubeIDE_1.16.1\STM32CubeIDE\plugins\com.st.stm32cube.common.mx_6.12.1.202409122256\\db\/plugins/mcufinder/images/
2025-04-24 02:55:26,655 [WARN] DbFile:41 - Overriding database path with different value: C:\Users\23709405\.stmcufinder\plugins\mcufinder/ => C:\Users\23709405\.stmcufinder\plugins\mcufinder
2025-04-24 02:55:26,655 [INFO] ApiDb:250 - Set database path to: C:\Users\23709405\.stmcufinder\plugins\mcufinder//mcu/
2025-04-24 02:55:26,656 [WARN] DbFile:41 - Overriding database path with different value: C:\Users\23709405\.stmcufinder\plugins\mcufinder/ => C:\Users\23709405\.stmcufinder\plugins\mcufinder
2025-04-24 02:55:26,657 [INFO] DbMcusAds:125 - Set database path to: C:\Users\23709405\.stmcufinder\plugins\mcufinder//mcu/
2025-04-24 02:55:26,659 [WARN] DbFile:41 - Overriding database path with different value: C:\Users\23709405\.stmcufinder\plugins\mcufinder/ => C:\Users\23709405\.stmcufinder\plugins\mcufinder
2025-04-24 02:55:26,661 [WARN] DbFile:41 - Overriding database path with different value: C:\Users\23709405\.stmcufinder\plugins\mcufinder/ => C:\Users\23709405\.stmcufinder\plugins\mcufinder
2025-04-24 02:55:26,663 [INFO] CrossReferenceDbSqlite:203 - Set database path to: C:\Users\23709405\.stmcufinder\plugins\mcufinder//mcu/cs/
2025-04-24 02:55:26,683 [INFO] ApplicationProperties:184 - Using Application install path: C:\ST\STM32CubeIDE_1.16.1\STM32CubeIDE\plugins\com.st.stm32cube.common.mx_6.12.1.202409122256
2025-04-24 02:55:26,685 [INFO] PluginManage:196 - Search for loadable plugins [exclusion list=, ]
2025-04-24 02:55:26,687 [INFO] PluginManage:310 - Check plugin analytics
2025-04-24 02:55:26,906 [INFO] AnalyticsPlugin:253 - Accepted Software Licenses: 
2025-04-24 02:55:26,907 [INFO] AnalyticsPlugin:255 - Accepted CMSIS Pack Licenses: 
2025-04-24 02:55:26,908 [INFO] AnalyticsPlugin:257 - Accepted Firmware Licenses: 
2025-04-24 02:55:26,911 [INFO] PluginManage:359 - Loaded plugin analytics (category:tool,tabindex:-1)
2025-04-24 02:55:26,913 [INFO] PluginManage:310 - Check plugin cadmodel
2025-04-24 02:55:26,917 [INFO] CADModel:105 - Init CAD model plugin
2025-04-24 02:55:26,918 [INFO] PluginManage:359 - Loaded plugin cadmodel (category:power,tabindex:5)
2025-04-24 02:55:26,919 [INFO] PluginManage:310 - Check plugin clock
2025-04-24 02:55:26,928 [INFO] PluginManage:359 - Loaded plugin clock (category:base,tabindex:2)
2025-04-24 02:55:26,929 [INFO] PluginManage:310 - Check plugin ddr
2025-04-24 02:55:26,932 [INFO] PluginManage:359 - Loaded plugin ddr (category:tool,tabindex:6)
2025-04-24 02:55:26,933 [INFO] PluginManage:310 - Check plugin filemanager
2025-04-24 02:55:27,112 [INFO] PluginManage:359 - Loaded plugin filemanager (category:base,tabindex:10)
2025-04-24 02:55:27,113 [INFO] PluginManage:310 - Check plugin ipmanager
2025-04-24 02:55:27,121 [INFO] PluginManage:359 - Loaded plugin ipmanager (category:base,tabindex:5)
2025-04-24 02:55:27,122 [INFO] PluginManage:310 - Check plugin lpbam
2025-04-24 02:55:27,130 [INFO] PluginManage:359 - Loaded plugin lpbam (category:base,tabindex:0)
2025-04-24 02:55:27,131 [INFO] PluginManage:310 - Check plugin memorymap
2025-04-24 02:55:27,144 [INFO] PluginManage:359 - Loaded plugin memorymap (category:base,tabindex:4)
2025-04-24 02:55:27,145 [INFO] PluginManage:310 - Check plugin pinoutandconfiguration
2025-04-24 02:55:27,152 [INFO] PluginManage:359 - Loaded plugin pinoutandconfiguration (category:base,tabindex:1)
2025-04-24 02:55:27,153 [INFO] PluginManage:310 - Check plugin pinoutconfig
2025-04-24 02:55:27,235 [WARN] SupportedApi:132 - Cannot load RTOS API schema: s4s-elt-must-match.1: The content of 'definitions' must match (annotation?, (simpleType | complexType)?, (unique | key | keyref)*)). A problem was found starting at: attribute.
2025-04-24 02:55:27,377 [INFO] PluginManage:359 - Loaded plugin pinoutconfig (category:base,tabindex:0)
2025-04-24 02:55:27,378 [INFO] PluginManage:310 - Check plugin power
2025-04-24 02:55:27,388 [INFO] PluginManage:359 - Loaded plugin power (category:power,tabindex:4)
2025-04-24 02:55:27,388 [INFO] PluginManage:310 - Check plugin projectmanager
2025-04-24 02:55:27,407 [INFO] PluginManage:359 - Loaded plugin projectmanager (category:projectmanager,tabindex:4)
2025-04-24 02:55:27,407 [INFO] PluginManage:310 - Check plugin rif
2025-04-24 02:55:27,414 [INFO] PluginManage:359 - Loaded plugin rif (category:base,tabindex:3)
2025-04-24 02:55:27,415 [INFO] PluginManage:310 - Check plugin thirdparty
2025-04-24 02:55:27,561 [WARN] IntegrityCheckThread:84 - waiting for thirdparty lock release [integrity check]
2025-04-24 02:55:27,562 [INFO] PluginManage:359 - Loaded plugin thirdparty (category:base,tabindex:-1)
2025-04-24 02:55:27,562 [INFO] IntegrityCheckThread:86 - entering critical section [integrity check]
2025-04-24 02:55:27,563 [INFO] PluginManage:310 - Check plugin tools
2025-04-24 02:55:27,564 [INFO] ThirdPartyUpdaterWithRetryManager:70 - Updater plugin not ready yet. [1/15]
2025-04-24 02:55:27,567 [INFO] PluginManage:359 - Loaded plugin tools (category:base,tabindex:7)
2025-04-24 02:55:27,567 [INFO] PluginManage:310 - Check plugin tutovideos
2025-04-24 02:55:27,711 [INFO] PluginManage:359 - Loaded plugin tutovideos (category:base,tabindex:-1)
2025-04-24 02:55:27,712 [INFO] PluginManage:310 - Check plugin updater
2025-04-24 02:55:27,732 [INFO] PluginManage:359 - Loaded plugin updater (category:base,tabindex:12)
2025-04-24 02:55:27,732 [INFO] PluginManage:310 - Check plugin userauth
2025-04-24 02:55:27,738 [INFO] UserAuth:113 - Init User Auth plugin
2025-04-24 02:55:27,739 [INFO] PluginManage:359 - Loaded plugin userauth (category:base,tabindex:14)
2025-04-24 02:55:27,740 [INFO] PluginManage:283 - PluginManage : Loaded plugins [18]
2025-04-24 02:55:27,939 [INFO] PinOutPanel:1561 - setPackage(No Configuration,No Configuration)
2025-04-24 02:55:28,043 [INFO] CADModel:165 - CPN selected for project level
2025-04-24 02:55:28,044 [INFO] CADModel:114 - Register for checkConnection events
2025-04-24 02:55:28,065 [INFO] IPUIPlugin:80 - create IPUIPlugin
2025-04-24 02:55:28,066 [INFO] PluginManager:220 - loadIPPluginJar : add adc
2025-04-24 02:55:28,071 [INFO] IPUIPlugin:80 - create IPUIPlugin
2025-04-24 02:55:28,072 [INFO] PluginManager:220 - loadIPPluginJar : add aes
2025-04-24 02:55:28,076 [INFO] IPUIPlugin:80 - create IPUIPlugin
2025-04-24 02:55:28,078 [INFO] PluginManager:220 - loadIPPluginJar : add can
2025-04-24 02:55:28,080 [INFO] IPUIPlugin:80 - create IPUIPlugin
2025-04-24 02:55:28,082 [INFO] PluginManager:220 - loadIPPluginJar : add comp
2025-04-24 02:55:28,087 [INFO] IPUIPlugin:80 - create IPUIPlugin
2025-04-24 02:55:28,088 [INFO] PluginManager:220 - loadIPPluginJar : add cryp
2025-04-24 02:55:28,091 [INFO] IPUIPlugin:80 - create IPUIPlugin
2025-04-24 02:55:28,092 [INFO] PluginManager:220 - loadIPPluginJar : add ddr_ctrl_phy
2025-04-24 02:55:28,097 [INFO] IPUIPlugin:80 - create IPUIPlugin
2025-04-24 02:55:28,098 [INFO] PluginManager:220 - loadIPPluginJar : add dfsdm
2025-04-24 02:55:28,106 [INFO] IPUIPlugin:80 - create IPUIPlugin
2025-04-24 02:55:28,107 [INFO] PluginManager:220 - loadIPPluginJar : add dma
2025-04-24 02:55:28,110 [INFO] IPUIPlugin:80 - create IPUIPlugin
2025-04-24 02:55:28,112 [INFO] PluginManager:220 - loadIPPluginJar : add dma3
2025-04-24 02:55:28,114 [INFO] IPUIPlugin:80 - create IPUIPlugin
2025-04-24 02:55:28,115 [INFO] PluginManager:220 - loadIPPluginJar : add extmemmanager
2025-04-24 02:55:28,117 [INFO] IPUIPlugin:80 - create IPUIPlugin
2025-04-24 02:55:28,118 [INFO] PluginManager:220 - loadIPPluginJar : add fatfs
2025-04-24 02:55:28,124 [INFO] IPUIPlugin:80 - create IPUIPlugin
2025-04-24 02:55:28,125 [INFO] PluginManager:220 - loadIPPluginJar : add fmc
2025-04-24 02:55:28,130 [INFO] IPUIPlugin:80 - create IPUIPlugin
2025-04-24 02:55:28,131 [INFO] PluginManager:220 - loadIPPluginJar : add freertos
2025-04-24 02:55:28,133 [INFO] IPUIPlugin:80 - create IPUIPlugin
2025-04-24 02:55:28,134 [INFO] PluginManager:220 - loadIPPluginJar : add genericplugin
2025-04-24 02:55:28,137 [INFO] IPUIPlugin:80 - create IPUIPlugin
2025-04-24 02:55:28,138 [INFO] PluginManager:220 - loadIPPluginJar : add gfxmmu
2025-04-24 02:55:28,143 [INFO] IPUIPlugin:80 - create IPUIPlugin
2025-04-24 02:55:28,146 [INFO] PluginManager:220 - loadIPPluginJar : add gic
2025-04-24 02:55:28,150 [INFO] IPUIPlugin:80 - create IPUIPlugin
2025-04-24 02:55:28,151 [INFO] PluginManager:220 - loadIPPluginJar : add gpio
2025-04-24 02:55:28,155 [INFO] IPUIPlugin:80 - create IPUIPlugin
2025-04-24 02:55:28,156 [INFO] PluginManager:220 - loadIPPluginJar : add gtzc
2025-04-24 02:55:28,159 [INFO] IPUIPlugin:80 - create IPUIPlugin
2025-04-24 02:55:28,160 [INFO] PluginManager:220 - loadIPPluginJar : add hash
2025-04-24 02:55:28,163 [INFO] IPUIPlugin:80 - create IPUIPlugin
2025-04-24 02:55:28,164 [INFO] PluginManager:220 - loadIPPluginJar : add i2c
2025-04-24 02:55:28,167 [INFO] IPUIPlugin:80 - create IPUIPlugin
2025-04-24 02:55:28,168 [INFO] PluginManager:220 - loadIPPluginJar : add i2s
2025-04-24 02:55:28,172 [INFO] IPUIPlugin:80 - create IPUIPlugin
2025-04-24 02:55:28,173 [INFO] PluginManager:220 - loadIPPluginJar : add i3c
2025-04-24 02:55:28,177 [INFO] IPUIPlugin:80 - create IPUIPlugin
2025-04-24 02:55:28,178 [INFO] PluginManager:220 - loadIPPluginJar : add ipddr
2025-04-24 02:55:28,185 [INFO] IPUIPlugin:80 - create IPUIPlugin
2025-04-24 02:55:28,186 [INFO] PluginManager:220 - loadIPPluginJar : add linkedlist
2025-04-24 02:55:28,190 [INFO] IPUIPlugin:80 - create IPUIPlugin
2025-04-24 02:55:28,191 [INFO] PluginManager:220 - loadIPPluginJar : add lorawan
2025-04-24 02:55:28,193 [INFO] IPUIPlugin:80 - create IPUIPlugin
2025-04-24 02:55:28,194 [INFO] PluginManager:220 - loadIPPluginJar : add ltdc
2025-04-24 02:55:28,201 [INFO] IPUIPlugin:80 - create IPUIPlugin
2025-04-24 02:55:28,201 [INFO] PluginManager:220 - loadIPPluginJar : add mdma
2025-04-24 02:55:28,205 [INFO] IPUIPlugin:80 - create IPUIPlugin
2025-04-24 02:55:28,206 [INFO] PluginManager:220 - loadIPPluginJar : add nvic
2025-04-24 02:55:28,209 [INFO] IPUIPlugin:80 - create IPUIPlugin
2025-04-24 02:55:28,211 [INFO] PluginManager:220 - loadIPPluginJar : add opamp
2025-04-24 02:55:28,214 [INFO] IPUIPlugin:80 - create IPUIPlugin
2025-04-24 02:55:28,215 [INFO] PluginManager:220 - loadIPPluginJar : add openamp
2025-04-24 02:55:28,219 [INFO] IPUIPlugin:80 - create IPUIPlugin
2025-04-24 02:55:28,220 [INFO] PluginManager:220 - loadIPPluginJar : add pdm2pcm
2025-04-24 02:55:28,226 [INFO] IPUIPlugin:80 - create IPUIPlugin
2025-04-24 02:55:28,229 [INFO] PluginManager:220 - loadIPPluginJar : add plateformsettings
2025-04-24 02:55:28,232 [INFO] IPUIPlugin:80 - create IPUIPlugin
2025-04-24 02:55:28,233 [INFO] PluginManager:220 - loadIPPluginJar : add quadspi
2025-04-24 02:55:28,235 [INFO] IPUIPlugin:80 - create IPUIPlugin
2025-04-24 02:55:28,237 [INFO] PluginManager:220 - loadIPPluginJar : add radio
2025-04-24 02:55:28,240 [INFO] IPUIPlugin:80 - create IPUIPlugin
2025-04-24 02:55:28,241 [INFO] PluginManager:220 - loadIPPluginJar : add resmgrutility
2025-04-24 02:55:28,244 [INFO] IPUIPlugin:80 - create IPUIPlugin
2025-04-24 02:55:28,245 [INFO] PluginManager:220 - loadIPPluginJar : add sai
2025-04-24 02:55:28,247 [INFO] IPUIPlugin:80 - create IPUIPlugin
2025-04-24 02:55:28,248 [INFO] PluginManager:220 - loadIPPluginJar : add spi
2025-04-24 02:55:28,255 [INFO] IPUIPlugin:80 - create IPUIPlugin
2025-04-24 02:55:28,256 [INFO] PluginManager:220 - loadIPPluginJar : add stm32_wpan
2025-04-24 02:55:28,258 [INFO] IPUIPlugin:80 - create IPUIPlugin
2025-04-24 02:55:28,260 [INFO] PluginManager:220 - loadIPPluginJar : add tim
2025-04-24 02:55:28,263 [INFO] IPUIPlugin:80 - create IPUIPlugin
2025-04-24 02:55:28,264 [INFO] PluginManager:220 - loadIPPluginJar : add touchsensing
2025-04-24 02:55:28,266 [INFO] IPUIPlugin:80 - create IPUIPlugin
2025-04-24 02:55:28,267 [INFO] PluginManager:220 - loadIPPluginJar : add tracer_emb
2025-04-24 02:55:28,271 [INFO] IPUIPlugin:80 - create IPUIPlugin
2025-04-24 02:55:28,272 [INFO] PluginManager:220 - loadIPPluginJar : add ts
2025-04-24 02:55:28,274 [INFO] IPUIPlugin:80 - create IPUIPlugin
2025-04-24 02:55:28,275 [INFO] PluginManager:220 - loadIPPluginJar : add tsc
2025-04-24 02:55:28,277 [INFO] IPUIPlugin:80 - create IPUIPlugin
2025-04-24 02:55:28,278 [INFO] PluginManager:220 - loadIPPluginJar : add ucpd
2025-04-24 02:55:28,281 [INFO] IPUIPlugin:80 - create IPUIPlugin
2025-04-24 02:55:28,282 [INFO] PluginManager:220 - loadIPPluginJar : add usart
2025-04-24 02:55:28,286 [INFO] IPUIPlugin:80 - create IPUIPlugin
2025-04-24 02:55:28,288 [INFO] PluginManager:220 - loadIPPluginJar : add usbx
2025-04-24 02:55:28,420 [INFO] CADModel:165 - CPN selected for project level
2025-04-24 02:55:28,421 [INFO] CADModel:114 - Register for checkConnection events
2025-04-24 02:55:28,422 [FATAL] Updater:334 - Updater called before beeing initialized
2025-04-24 02:55:28,423 [ERROR] CADModel:125 - Updater not yet initialized, retry later 
2025-04-24 02:55:28,527 [INFO] CADModel:165 - CPN selected for project level
2025-04-24 02:55:28,528 [INFO] CADModel:114 - Register for checkConnection events
2025-04-24 02:55:28,529 [FATAL] Updater:334 - Updater called before beeing initialized
2025-04-24 02:55:28,530 [ERROR] CADModel:125 - Updater not yet initialized, retry later 
2025-04-24 02:55:28,533 [FATAL] Updater:334 - Updater called before beeing initialized
2025-04-24 02:55:28,663 [FATAL] Updater:334 - Updater called before beeing initialized
2025-04-24 02:55:28,668 [INFO] DbMcusAds:53 - JSON generation date=Thu Sep 30 08:55:09 SAST 2021 (1632984909247)
2025-04-24 02:55:28,669 [FATAL] Updater:334 - Updater called before beeing initialized
2025-04-24 02:55:28,700 [WARN] DetailPanel:346 - Failed to get advertising image, set to default
2025-04-24 02:55:28,796 [FATAL] Updater:334 - Updater called before beeing initialized
2025-04-24 02:55:28,798 [FATAL] Updater:334 - Updater called before beeing initialized
2025-04-24 02:55:28,800 [FATAL] Updater:334 - Updater called before beeing initialized
2025-04-24 02:55:28,801 [WARN] DetailPanel:346 - Failed to get advertising image, set to default
2025-04-24 02:55:28,801 [FATAL] Updater:334 - Updater called before beeing initialized
2025-04-24 02:55:28,847 [ERROR] Updater:1164 - MainUpdater not yet initialized. External WinMGr cannot be set.
2025-04-24 02:55:28,850 [INFO] Updater:1100 - Updater Version found : 6.12.1
2025-04-24 02:55:28,865 [INFO] ApplicationProperties:184 - Using Application install path: C:\ST\STM32CubeIDE_1.16.1\STM32CubeIDE\plugins\com.st.stm32cube.common.mx_6.12.1.202409122256
2025-04-24 02:55:30,438 [ERROR] LogOutputStream:75 - [STDERR_REDIRECT] Apr 24, 2025 2:55:30 AM java.util.prefs.WindowsPreferences <init>
2025-04-24 02:55:30,440 [ERROR] LogOutputStream:75 - [STDERR_REDIRECT] WARNING: Could not open/create prefs root node Software\JavaSoft\Prefs at root 0xffffffff80000002. Windows RegCreateKeyEx(...) returned error code 5.
2025-04-24 02:55:30,442 [ERROR] LogOutputStream:75 - [STDERR_REDIRECT] 
2025-04-24 02:55:30,566 [INFO] ThirdPartyUpdaterWithRetryManager:70 - Updater plugin not ready yet. [2/15]
2025-04-24 02:55:30,710 [INFO] MainUpdater:2873 - connection check result : 10
2025-04-24 02:55:30,712 [INFO] MainUpdater:290 - Updater Check For Update Now.
2025-04-24 02:55:30,713 [INFO] MicroXplorer:498 - Change Database Version : DB.6.0.121
2025-04-24 02:55:30,725 [INFO] McuFinderGlobals:63 - Set McuFinder mode to 2 (CubeIDE integrated)
2025-04-24 02:55:30,726 [INFO] UserAuth:179 - activating auth plugin
2025-04-24 02:55:30,729 [INFO] UserAuth:417 - Internet connection configuration mode: 1
2025-04-24 02:55:30,745 [INFO] JxBrowserEngine:152 - Initiate JxBrowser Engine with user profile folder
2025-04-24 02:55:30,927 [INFO] CheckServerUpdateThread:120 - End of CheckServer Thread
2025-04-24 02:55:31,453 [INFO] WebApp:167 - Instantiating new browser for Auth
2025-04-24 02:55:32,448 [INFO] WebApp:448 - Apply proxy settings
2025-04-24 02:55:32,449 [INFO] WebApp:533 - Chromium requires no authentication
2025-04-24 02:55:32,456 [INFO] WebApp:476 - Direct internet connection detected
2025-04-24 02:55:32,482 [INFO] WebApp:869 - Register for checkConnection events
2025-04-24 02:55:32,483 [INFO] WebApp:448 - Apply proxy settings
2025-04-24 02:55:32,484 [INFO] WebApp:533 - Chromium requires no authentication
2025-04-24 02:55:32,485 [INFO] WebApp:476 - Direct internet connection detected
2025-04-24 02:55:32,663 [INFO] WebApp:220 - Starting web application
2025-04-24 02:55:32,664 [INFO] WebApp:578 - Web application path used C:\ST\STM32CubeIDE_1.16.1\STM32CubeIDE\plugins\com.st.stm32cube.common.mx_6.12.1.202409122256\db\plugins\mcufinder\reactClient1\index.html
2025-04-24 02:55:33,138 [INFO] WebApp:186 - Connection restablished
2025-04-24 02:55:33,832 [WARN] PackLoader:240 - Cannot read IP mode file for STMicroelectronics.FP-SNS-MOTENVWB1.1.4.0
2025-04-24 02:55:33,856 [WARN] PackLoader:240 - Cannot read IP mode file for STMicroelectronics.FP-ATR-ASTRA1.2.0.2
2025-04-24 02:55:33,875 [WARN] PackLoader:240 - Cannot read IP mode file for STMicroelectronics.X-CUBE-SMBUS.2.1.0
2025-04-24 02:55:33,912 [WARN] PackLoader:240 - Cannot read IP mode file for STMicroelectronics.X-CUBE-AZRTOS-F7.1.1.0
2025-04-24 02:55:33,966 [WARN] PackLoader:240 - Cannot read IP mode file for Infineon.AIROC-Wi-Fi-Bluetooth-STM32.1.7.0
2025-04-24 02:55:34,007 [WARN] PackLoader:240 - Cannot read IP mode file for STMicroelectronics.X-CUBE-DISPLAY.3.0.0
2025-04-24 02:55:34,024 [WARN] PackLoader:240 - Cannot read IP mode file for STMicroelectronics.X-CUBE-NFC10.1.0.0
2025-04-24 02:55:34,050 [WARN] PackLoader:240 - Cannot read IP mode file for STMicroelectronics.X-CUBE-BLEMGR.4.0.0
2025-04-24 02:55:34,083 [WARN] PackLoader:240 - Cannot read IP mode file for emotas.I-CUBE-CANOPEN.1.3.0
2025-04-24 02:55:34,099 [WARN] ConditionMgr:438 - getConditionDescription Invalid condition id : Cortex-A Device cause : null
2025-04-24 02:55:34,113 [WARN] ConditionMgr:1039 - genDependencies : Invalid condition id : Cortex-A Device cause : null
2025-04-24 02:55:34,113 [WARN] ConditionMgr:1039 - genDependencies : Invalid condition id : Cortex-A Device cause : null
2025-04-24 02:55:34,114 [WARN] ConditionMgr:1039 - genDependencies : Invalid condition id : Cortex-A Device cause : null
2025-04-24 02:55:34,120 [WARN] PackLoader:240 - Cannot read IP mode file for STMicroelectronics.X-CUBE-AI.10.0.0
2025-04-24 02:55:34,137 [WARN] PackLoader:240 - Cannot read IP mode file for STMicroelectronics.FP-SNS-SMARTAG2.1.2.0
2025-04-24 02:55:34,154 [ERROR] Engine:466 - C:\Users\23709405\.stm32cubemx\thirdparties\pdsc\STMicroelectronics.FP-SNS-FLIGHT1.5.1.0.pdsc: PDSC version is not supported
2025-04-24 02:55:34,185 [INFO] LogOutputStream:77 - [STDOUT_REDIRECT] 1 : Invalid condition id : UX_CORESTACK_Condition cause : null
2025-04-24 02:55:34,186 [INFO] LogOutputStream:77 - [STDOUT_REDIRECT] 1 : Invalid condition id : UX_CORESTACK_Condition cause : null
2025-04-24 02:55:34,188 [INFO] LogOutputStream:77 - [STDOUT_REDIRECT] 1 : Invalid condition id : UX_CORESTACK_Condition cause : null
2025-04-24 02:55:34,191 [INFO] LogOutputStream:77 - [STDOUT_REDIRECT] 1 : Invalid condition id : UX_CORESTACK_Condition cause : null
2025-04-24 02:55:34,194 [INFO] LogOutputStream:77 - [STDOUT_REDIRECT] 1 : Invalid condition id : UX_CORESTACK_Condition cause : null
2025-04-24 02:55:34,198 [WARN] PackLoader:240 - Cannot read IP mode file for STMicroelectronics.X-CUBE-AZRTOS-WL.2.0.0
2025-04-24 02:55:34,203 [WARN] PackLoader:240 - Cannot read IP mode file for STMicroelectronics.FP-SNS-MOTENV1.5.0.0
2025-04-24 02:55:34,227 [WARN] PackLoader:240 - Cannot read IP mode file for WES.I-CUBE-Cesium.1.3.0
2025-04-24 02:55:34,243 [WARN] PackLoader:240 - Cannot read IP mode file for STMicroelectronics.X-CUBE-BLE2.3.3.0
2025-04-24 02:55:34,262 [WARN] PackLoader:240 - Cannot read IP mode file for STMicroelectronics.X-CUBE-NFC9.1.0.0
2025-04-24 02:55:34,281 [WARN] PackLoader:240 - Cannot read IP mode file for STMicroelectronics.X-CUBE-BLE1.7.1.0
2025-04-24 02:55:34,287 [WARN] PackLoader:240 - Cannot read IP mode file for wolfSSL.I-CUBE-wolfMQTT.1.19.2
2025-04-24 02:55:34,347 [WARN] PackLoader:240 - Cannot read IP mode file for STMicroelectronics.X-CUBE-MEMS1.11.2.0
2025-04-24 02:55:34,562 [WARN] PackLoader:240 - Cannot read IP mode file for STMicroelectronics.X-CUBE-AZRTOS-G0.1.1.0
2025-04-24 02:55:34,571 [WARN] PackLoader:240 - Cannot read IP mode file for STMicroelectronics.X-CUBE-SAFEA1.1.2.2
2025-04-24 02:55:34,578 [WARN] PackLoader:240 - Cannot read IP mode file for STMicroelectronics.X-CUBE-NFC4.3.0.0
2025-04-24 02:55:34,588 [WARN] PackLoader:240 - Cannot read IP mode file for EmbeddedOffice.I-CUBE-FS-RTOS.1.0.1
2025-04-24 02:55:34,589 [ERROR] ConditionMgr:805 - Attr not supported : Dmpu
2025-04-24 02:55:34,589 [ERROR] ConditionMgr:805 - Attr not supported : Dmpu
2025-04-24 02:55:34,590 [ERROR] ConditionMgr:805 - Attr not supported : Dmpu
2025-04-24 02:55:34,590 [ERROR] ConditionMgr:805 - Attr not supported : Dmpu
2025-04-24 02:55:34,591 [ERROR] ConditionMgr:805 - Attr not supported : Dmpu
2025-04-24 02:55:34,592 [ERROR] ConditionMgr:805 - Attr not supported : Dmpu
2025-04-24 02:55:34,593 [ERROR] ConditionMgr:805 - Attr not supported : Dmpu
2025-04-24 02:55:34,593 [ERROR] ConditionMgr:805 - Attr not supported : Dmpu
2025-04-24 02:55:34,594 [ERROR] ConditionMgr:805 - Attr not supported : Dmpu
2025-04-24 02:55:34,595 [ERROR] ConditionMgr:805 - Attr not supported : Dmpu
2025-04-24 02:55:34,595 [ERROR] ConditionMgr:805 - Attr not supported : Dmpu
2025-04-24 02:55:34,596 [ERROR] ConditionMgr:805 - Attr not supported : Dmpu
2025-04-24 02:55:34,597 [ERROR] ConditionMgr:805 - Attr not supported : Dmpu
2025-04-24 02:55:34,597 [ERROR] ConditionMgr:805 - Attr not supported : Dmpu
2025-04-24 02:55:34,598 [ERROR] ConditionMgr:805 - Attr not supported : Dmpu
2025-04-24 02:55:34,599 [ERROR] ConditionMgr:805 - Attr not supported : Dmpu
2025-04-24 02:55:34,600 [ERROR] ConditionMgr:805 - Attr not supported : Dmpu
2025-04-24 02:55:34,600 [ERROR] ConditionMgr:805 - Attr not supported : Dmpu
2025-04-24 02:55:34,601 [ERROR] ConditionMgr:805 - Attr not supported : Dmpu
2025-04-24 02:55:34,602 [ERROR] ConditionMgr:805 - Attr not supported : Dmpu
2025-04-24 02:55:34,602 [ERROR] ConditionMgr:805 - Attr not supported : Dmpu
2025-04-24 02:55:34,603 [ERROR] ConditionMgr:805 - Attr not supported : Dmpu
2025-04-24 02:55:34,604 [ERROR] ConditionMgr:805 - Attr not supported : Dmpu
2025-04-24 02:55:34,604 [ERROR] ConditionMgr:805 - Attr not supported : Dmpu
2025-04-24 02:55:34,605 [ERROR] ConditionMgr:805 - Attr not supported : Dmpu
2025-04-24 02:55:34,605 [ERROR] ConditionMgr:805 - Attr not supported : Dmpu
2025-04-24 02:55:34,606 [ERROR] ConditionMgr:805 - Attr not supported : Dmpu
2025-04-24 02:55:34,606 [ERROR] ConditionMgr:805 - Attr not supported : Dmpu
2025-04-24 02:55:34,607 [ERROR] ConditionMgr:805 - Attr not supported : Dmpu
2025-04-24 02:55:34,607 [ERROR] ConditionMgr:805 - Attr not supported : Dmpu
2025-04-24 02:55:34,608 [ERROR] ConditionMgr:805 - Attr not supported : Dmpu
2025-04-24 02:55:34,609 [ERROR] ConditionMgr:805 - Attr not supported : Dmpu
2025-04-24 02:55:34,609 [ERROR] ConditionMgr:805 - Attr not supported : Dmpu
2025-04-24 02:55:34,610 [ERROR] ConditionMgr:805 - Attr not supported : Dmpu
2025-04-24 02:55:34,610 [ERROR] ConditionMgr:805 - Attr not supported : Dmpu
2025-04-24 02:55:34,611 [ERROR] ConditionMgr:805 - Attr not supported : Dmpu
2025-04-24 02:55:34,612 [ERROR] ConditionMgr:805 - Attr not supported : Dmpu
2025-04-24 02:55:34,612 [ERROR] ConditionMgr:805 - Attr not supported : Dmpu
2025-04-24 02:55:34,613 [ERROR] ConditionMgr:805 - Attr not supported : Dmpu
2025-04-24 02:55:34,614 [ERROR] ConditionMgr:805 - Attr not supported : Dmpu
2025-04-24 02:55:34,615 [ERROR] ConditionMgr:805 - Attr not supported : Dmpu
2025-04-24 02:55:34,615 [ERROR] ConditionMgr:805 - Attr not supported : Dmpu
2025-04-24 02:55:34,616 [ERROR] ConditionMgr:805 - Attr not supported : Dmpu
2025-04-24 02:55:34,617 [ERROR] ConditionMgr:805 - Attr not supported : Dmpu
2025-04-24 02:55:34,617 [ERROR] ConditionMgr:805 - Attr not supported : Dmpu
2025-04-24 02:55:34,618 [ERROR] ConditionMgr:805 - Attr not supported : Dmpu
2025-04-24 02:55:34,619 [ERROR] ConditionMgr:805 - Attr not supported : Dmpu
2025-04-24 02:55:34,619 [ERROR] ConditionMgr:805 - Attr not supported : Dmpu
2025-04-24 02:55:34,620 [ERROR] ConditionMgr:805 - Attr not supported : Dmpu
2025-04-24 02:55:34,620 [ERROR] ConditionMgr:805 - Attr not supported : Dmpu
2025-04-24 02:55:34,621 [ERROR] ConditionMgr:805 - Attr not supported : Dmpu
2025-04-24 02:55:34,622 [ERROR] ConditionMgr:805 - Attr not supported : Dmpu
2025-04-24 02:55:34,622 [ERROR] ConditionMgr:805 - Attr not supported : Dmpu
2025-04-24 02:55:34,623 [ERROR] ConditionMgr:805 - Attr not supported : Dmpu
2025-04-24 02:55:34,624 [ERROR] ConditionMgr:805 - Attr not supported : Dmpu
2025-04-24 02:55:34,624 [ERROR] ConditionMgr:805 - Attr not supported : Dmpu
2025-04-24 02:55:34,625 [ERROR] ConditionMgr:805 - Attr not supported : Dmpu
2025-04-24 02:55:34,626 [ERROR] ConditionMgr:805 - Attr not supported : Dmpu
2025-04-24 02:55:34,627 [ERROR] ConditionMgr:805 - Attr not supported : Dmpu
2025-04-24 02:55:34,628 [ERROR] ConditionMgr:805 - Attr not supported : Dmpu
2025-04-24 02:55:34,628 [ERROR] ConditionMgr:805 - Attr not supported : Dmpu
2025-04-24 02:55:34,629 [ERROR] ConditionMgr:805 - Attr not supported : Dmpu
2025-04-24 02:55:34,630 [ERROR] ConditionMgr:805 - Attr not supported : Dmpu
2025-04-24 02:55:34,631 [ERROR] ConditionMgr:805 - Attr not supported : Dmpu
2025-04-24 02:55:34,644 [WARN] PackLoader:240 - Cannot read IP mode file for STMicroelectronics.X-CUBE-WB05N.2.0.0
2025-04-24 02:55:34,650 [WARN] PackLoader:240 - Cannot read IP mode file for wolfSSL.I-CUBE-wolfTPM.3.8.0
2025-04-24 02:55:34,660 [ERROR] Engine:466 - C:\Users\23709405\.stm32cubemx\thirdparties\pdsc\STMicroelectronics.X-CUBE-TCPP.4.2.0.pdsc: PDSC version is not supported
2025-04-24 02:55:34,666 [WARN] PackLoader:240 - Cannot read IP mode file for RealThread.X-CUBE-RT-Thread_Nano.4.1.1
2025-04-24 02:55:34,672 [WARN] PackLoader:240 - Cannot read IP mode file for STMicroelectronics.FP-ATR-SIGFOX1.3.2.0
2025-04-24 02:55:34,696 [WARN] PackLoader:240 - Cannot read IP mode file for STMicroelectronics.X-CUBE-EEPRMA1.5.1.0
2025-04-24 02:55:34,702 [WARN] PackLoader:240 - Cannot read IP mode file for wolfSSL.I-CUBE-wolfSSL.5.7.6
2025-04-24 02:55:34,719 [WARN] PackLoader:240 - Cannot read IP mode file for ITTIA_DB.I-CUBE-ITTIADB.8.9.0
2025-04-24 02:55:34,756 [WARN] PackLoader:240 - Cannot read IP mode file for SEGGER.I-CUBE-embOS.1.3.1
2025-04-24 02:55:34,804 [WARN] PackLoader:240 - Cannot read IP mode file for STMicroelectronics.X-CUBE-ALGOBUILD.1.4.0
2025-04-24 02:55:34,831 [WARN] PackLoader:240 - Cannot read IP mode file for STMicroelectronics.X-CUBE-AZRTOS-F4.1.1.0
2025-04-24 02:55:34,846 [ERROR] Engine:466 - C:\Users\23709405\.stm32cubemx\thirdparties\pdsc\Avnet-IotConnect.X-CUBE-IoTC-DA16k-PMOD.1.0.0.pdsc: PDSC version is not supported
2025-04-24 02:55:34,849 [WARN] PackLoader:240 - Cannot read IP mode file for STMicroelectronics.X-CUBE-ISPU.2.1.0
2025-04-24 02:55:34,885 [WARN] PackLoader:240 - Cannot read IP mode file for STMicroelectronics.X-CUBE-AZRTOS-L5.2.0.0
2025-04-24 02:55:34,921 [WARN] PackLoader:240 - Cannot read IP mode file for STMicroelectronics.X-CUBE-NFC6.3.1.0
2025-04-24 02:55:34,929 [WARN] PackLoader:240 - Cannot read IP mode file for STMicroelectronics.X-CUBE-FREERTOS.1.3.0
2025-04-24 02:55:34,935 [WARN] PackLoader:240 - Cannot read IP mode file for STMicroelectronics.X-CUBE-NFC7.1.0.1
2025-04-24 02:55:34,943 [WARN] PackLoader:240 - Cannot read IP mode file for STMicroelectronics.X-CUBE-DPower.1.3.0
2025-04-24 02:55:34,965 [WARN] ConditionMgr:438 - getConditionDescription Invalid condition id : LAN8742 Phy interface Condition cause : null
2025-04-24 02:55:34,966 [WARN] PackLoader:240 - Cannot read IP mode file for STMicroelectronics.X-CUBE-AZRTOS-L4.2.0.0
2025-04-24 02:55:34,968 [WARN] ConditionMgr:1039 - genDependencies : Invalid condition id : LAN8742 Phy interface Condition cause : null
2025-04-24 02:55:34,969 [WARN] ConditionMgr:1039 - genDependencies : Invalid condition id : LAN8742 Phy interface Condition cause : null
2025-04-24 02:55:34,971 [WARN] ConditionMgr:1039 - genDependencies : Invalid condition id : LAN8742 Phy interface Condition cause : null
2025-04-24 02:55:34,978 [WARN] PackLoader:240 - Cannot read IP mode file for STMicroelectronics.X-CUBE-SFXS2LP1.4.0.0
2025-04-24 02:55:35,007 [WARN] PackLoader:240 - Cannot read IP mode file for STMicroelectronics.X-CUBE-AZRTOS-H7.3.3.0
2025-04-24 02:55:35,042 [WARN] ConditionMgr:438 - getConditionDescription Invalid condition id : UX DEVICE CLASS RTOS Condition cause : null
2025-04-24 02:55:35,043 [WARN] ConditionMgr:438 - getConditionDescription Invalid condition id : UX DEVICE CLASS RTOS Condition cause : null
2025-04-24 02:55:35,045 [WARN] PackLoader:240 - Cannot read IP mode file for STMicroelectronics.X-CUBE-AZRTOS-WB.2.0.0
2025-04-24 02:55:35,046 [WARN] ConditionMgr:1039 - genDependencies : Invalid condition id : UX DEVICE CLASS RTOS Condition cause : null
2025-04-24 02:55:35,047 [WARN] ConditionMgr:1039 - genDependencies : Invalid condition id : UX DEVICE CLASS RTOS Condition cause : null
2025-04-24 02:55:35,047 [WARN] ConditionMgr:1039 - genDependencies : Invalid condition id : UX DEVICE CLASS RTOS Condition cause : null
2025-04-24 02:55:35,048 [WARN] ConditionMgr:1039 - genDependencies : Invalid condition id : UX DEVICE CLASS RTOS Condition cause : null
2025-04-24 02:55:35,049 [WARN] ConditionMgr:1039 - genDependencies : Invalid condition id : UX DEVICE CLASS RTOS Condition cause : null
2025-04-24 02:55:35,066 [WARN] PackLoader:240 - Cannot read IP mode file for STMicroelectronics.X-CUBE-GNSS1.7.0.1
2025-04-24 02:55:35,072 [WARN] PackLoader:240 - Cannot read IP mode file for STMicroelectronics.X-CUBE-TOUCHGFX.4.25.0
2025-04-24 02:55:35,087 [WARN] PackLoader:240 - Cannot read IP mode file for STMicroelectronics.FP-SNS-STBOX1.2.0.0
2025-04-24 02:55:35,120 [WARN] PackLoader:240 - Cannot read IP mode file for STMicroelectronics.X-CUBE-SUBG2.5.0.0
2025-04-24 02:55:35,152 [WARN] PackLoader:240 - Cannot read IP mode file for STMicroelectronics.X-CUBE-AZRTOS-H7RS.1.1.0
2025-04-24 02:55:35,173 [WARN] PackLoader:240 - Cannot read IP mode file for Cesanta.I-CUBE-Mongoose.7.13.0
2025-04-24 02:55:35,201 [WARN] PackLoader:240 - Cannot read IP mode file for STMicroelectronics.X-CUBE-AZRTOS-G4.2.0.0
2025-04-24 02:55:35,215 [WARN] PackLoader:240 - Cannot read IP mode file for wolfSSL.I-CUBE-wolfSSH.1.4.20
2025-04-24 02:55:35,244 [ERROR] Engine:466 - C:\Users\23709405\.stm32cubemx\thirdparties\pdsc\STMicroelectronics.X-CUBE-IPS.3.1.0.pdsc: PDSC version is not supported
2025-04-24 02:55:35,258 [WARN] PackLoader:240 - Cannot read IP mode file for STMicroelectronics.X-CUBE-ALS.1.0.2
2025-04-24 02:55:35,284 [WARN] PackLoader:240 - Cannot read IP mode file for portGmbH.I-Cube-SoM-uGOAL.1.1.0
2025-04-24 02:55:35,306 [ERROR] Engine:466 - C:\Users\23709405\.stm32cubemx\thirdparties\pdsc\STMicroelectronics.X-CUBE-TOF1.3.4.3.pdsc: PDSC version is not supported
2025-04-24 02:55:35,308 [INFO] ThirdParty:978 - Integrity check success = true
2025-04-24 02:55:35,308 [INFO] IntegrityCheckThread:100 - exiting critical section [integrity check]
2025-04-24 02:55:35,309 [INFO] IntegrityCheckThread:103 - End integrity checks thread
2025-04-24 02:55:53,500 [ERROR] LogOutputStream:75 - [STDERR_REDIRECT] 
2025-04-24 02:55:53,502 [ERROR] LogOutputStream:75 - [STDERR_REDIRECT] 
